Business Name,Phone,Website,Maps Link,Rating,Review Count,Category,Address,Business Age,Opening Hours,Latest Review,Status,Priority,Follow-up Date
The Large Sun (TLS) Event Organizers,098870 24486,https://www.facebook.com/tlseventorganizers/,https://www.google.com/maps/place/The+Large+Sun+%28TLS%29+Event+Organizers/data=!4m7!3m6!1s0x396db47035fe41b3:0xde6828b75c5a0fea!8m2!3d26.8545713!4d75.7611607!16s%2Fg%2F11b6gq3xhr!19sChIJs0H-NXC0bTkR6g9aXLcoaN4?authuser=0&hl=en&rclk=1,4.9,102,Event planner,"A2, Kailashpuri, Near Laxman Juice Center New Sanganer Road,near metro pillar 118",,Open 24 hours,,Not Called,None,
Fiestro Events,078384 26565,https://fiestroevents.com/,https://www.google.com/maps/place/Fiestro+Events/data=!4m7!3m6!1s0x396db360555554dd:0xc7f025cc5215b93e!8m2!3d26.9035737!4d75.7391503!16s%2Fg%2F12m998jx2!19sChIJ3VRVVWCzbTkRPrkVUswl8Mc?authuser=0&hl=en&rclk=1,4.6,395,Event planner,"01st Floor, Plot C-121, Chitrakoot Marg",,Open 24 hours,,Not Called,None,
Shaandaar Events | Best Wedding Planner in Jaipur,094914 25000,https://shaandaarevents.com/wedding-planner-in-jaipur/,https://www.google.com/maps/place/Shaandaar+Events+%7C+Best+Wedding+Planner+in+Jaipur/data=!4m7!3m6!1s0x396db58ea4b6a71b:0x86b7858c392fc316!8m2!3d26.896055!4d75.739239!16s%2Fg%2F11t2z2nshf!19sChIJG6e2pI61bTkRFsMvOYyFt4Y?authuser=0&hl=en&rclk=1,4.9,130,Event planner,·,,Open 24 hours,,Not Called,None,
PURPLE GRAPES EVENTS,070143 29209,http://www.instagram.com/purplegrapes_weddingplanner,https://www.google.com/maps/place/PURPLE+GRAPES+EVENTS/data=!4m7!3m6!1s0x396db40cad2cd6d5:0x73dbbbb703b16b49!8m2!3d26.9015159!4d75.7848276!16s%2Fg%2F11b7xpxzg4!19sChIJ1dYsrQy0bTkRSWuxA7e723M?authuser=0&hl=en&rclk=1,4.8,103,Event planner,·,,Open 24 hours,,Not Called,None,
Vega Star Events - Wedding Planner and Event Planner in Jaipur,094148 33258,https://www.vegastarevents.in/,https://www.google.com/maps/place/Vega+Star+Events+-+Wedding+Planner+and+Event+Planner+in+Jaipur/data=!4m7!3m6!1s0x396db5a53cbd75fd:0xac5fe2b90218f4d2!8m2!3d26.8558519!4d75.7686766!16s%2Fg%2F11ddxfv3mw!19sChIJ_XW9PKW1bTkR0vQYArniX6w?authuser=0&hl=en&rclk=1,4.8,42,Wedding planner,"71/175 Near K.V. No.5, Paramhans Marg, Mansarovar",,Open,,Not Called,None,
Noon Moon Events - Wedding & Event Planners in Jaipur,075682 23594,http://www.noonmoonevents.com/,https://www.google.com/maps/place/Noon+Moon+Events+-+Wedding+%26+Event+Planners+in+Jaipur/data=!4m7!3m6!1s0x396db7d51243c2b1:0xe85c97cd7fcd358!8m2!3d26.9017004!4d75.8379874!16s%2Fg%2F11f6k_lcpl!19sChIJscJDEtW3bTkRWNP813zJhQ4?authuser=0&hl=en&rclk=1,4.8,61,Event planner,·,,Open,,Not Called,None,
AG Events and Wedding Planners,075685 83001,https://ageventsandtent.com/,https://www.google.com/maps/place/AG+Events+and+Wedding+Planners/data=!4m7!3m6!1s0x396db5b0bfe1b0a3:0x2ffb99cb5ad73745!8m2!3d26.8371473!4d75.7536032!16s%2Fg%2F11pz8n65cp!19sChIJo7Dhv7C1bTkRRTfXWsuZ-y8?authuser=0&hl=en&rclk=1,4.8,73,Wedding planner,·,,Open,,Not Called,None,
Dot&Dot Events & Wedding Planner,090575 43603,https://dot-dot-events.localo.site/?utm_source=google_profile&utm_campaign=localo&utm_medium=mainlink,https://www.google.com/maps/place/Dot%26Dot+Events+%26+Wedding+Planner/data=!4m7!3m6!1s0x396db58fb505e5e5:0xa96cdf0bbee60074!8m2!3d26.8421609!4d75.7600864!16s%2Fg%2F11xrlp641s!19sChIJ5eUFtY-1bTkRdADmvgvfbKk?authuser=0&hl=en&rclk=1,5.0,106,Event planner,·,,Open 24 hours,,Not Called,None,
Roshan Events Jaipur - Best Event Management | Best Wedding Planner In Jaipur,095878 08416,https://wa.me/919587808416?text=Hi,https://www.google.com/maps/place/Roshan+Events+Jaipur+-+Best+Event+Management+%7C+Best+Wedding+Planner+In+Jaipur/data=!4m7!3m6!1s0x396db71dd4cc5a2d:0xd101edd5e555dec7!8m2!3d26.8507522!4d75.7911892!16s%2Fg%2F11vrwv577z!19sChIJLVrM1B23bTkRx95V5dXtAdE?authuser=0&hl=en&rclk=1,4.8,80,Wedding planner,·,,Open 24 hours,,Not Called,None,
Festal Events LLP,087400 55114,https://festalevents.com/,https://www.google.com/maps/place/Festal+Events+LLP/data=!4m7!3m6!1s0x396db69cf2cf1e91:0xdd0f0378b171145!8m2!3d26.8796812!4d75.7789419!16s%2Fg%2F11b8075vb9!19sChIJkR7P8py2bTkRRREXizfw0A0?authuser=0&hl=en&rclk=1,4.7,196,Wedding planner,"C-334, 80 Feet Rd",,Open 24 hours,,Not Called,None,
Archi Events- Best Event Management Company in Jaipur,080057 98941,https://archievents.in/event-management-company-in-jaipur/,https://www.google.com/maps/place/Archi+Events-+Best+Event+Management+Company+in+Jaipur/data=!4m7!3m6!1s0x396db5bee40e5223:0x905b9621895423b6!8m2!3d26.8687136!4d75.7867724!16s%2Fg%2F11h6v8pvd1!19sChIJI1IO5L61bTkRtiNUiSGWW5A?authuser=0&hl=en&rclk=1,4.7,74,Event management company,·,,Open,,Not Called,None,
Pinkcity Events,096724 40072,https://sites.google.com/view/pinkcity-eventsjpr/,https://www.google.com/maps/place/Pinkcity+Events/data=!4m7!3m6!1s0x396db7321694b035:0x7835b45610e49503!8m2!3d26.841149!4d75.8275982!16s%2Fg%2F11jvhgbw6y!19sChIJNbCUFjK3bTkRA5XkEFa0NXg?authuser=0&hl=en&rclk=1,4.9,170,Event planner,·,,Open 24 hours,,Not Called,None,
The Wedding Toli,092570 48199,https://theweddingtoli.com/,https://www.google.com/maps/place/The+Wedding+Toli/data=!4m7!3m6!1s0x26736dce79dc539f:0x72ecf34ff8a80ec2!8m2!3d26.8479512!4d75.7615457!16s%2Fg%2F11x18dw2st!19sChIJn1Pcec5tcyYRwg6o-E_z7HI?authuser=0&hl=en&rclk=1,5.0,149,Event planner,·,,Open 24 hours,,Not Called,None,
Saugaat by mehta events,,,https://www.google.com/maps/place/Saugaat+by+mehta+events/data=!4m7!3m6!1s0x396db52cf9b187f3:0x6322c445ed4258cd!8m2!3d26.8796587!4d75.7737968!16s%2Fg%2F11gxs08j_l!19sChIJ84ex-Sy1bTkRzVhC7UXEImM?authuser=0&hl=en&rclk=1,4.8,192,Event planner,Open 24 hours,,,,Not Called,None,
Dgozar Events & Management,089558 58186,https://dgozarevents.com/,https://www.google.com/maps/place/Dgozar+Events+%26+Management/data=!4m7!3m6!1s0x396db5867bcfdc3b:0xaef215490f8b2f34!8m2!3d26.8536114!4d75.7701754!16s%2Fg%2F11l73g44g3!19sChIJO9zPe4a1bTkRNC-LD0kV8q4?authuser=0&hl=en&rclk=1,5.0,42,Wedding planner,·,,Open,,Not Called,None,
Eelegant Events,095295 66660,http://eelegantevents.in/,https://www.google.com/maps/place/Eelegant+Events/data=!4m7!3m6!1s0x396db4645b2320bf:0x2f8c32a5ad9bcab0!8m2!3d26.8715812!4d75.759692!16s%2Fg%2F1vr3bkz3!19sChIJvyAjW2S0bTkRsMqbraUyjC8?authuser=0&hl=en&rclk=1,4.9,46,Event planner,·,,Open,,Not Called,None,
Ground Zero Events Pvt. Ltd.,098291 90758,http://groundzeroevent.com/,https://www.google.com/maps/place/Ground+Zero+Events+Pvt.+Ltd./data=!4m7!3m6!1s0x396db513be18b58d:0xc32837e983c456b1!8m2!3d26.8429468!4d75.7940763!16s%2Fg%2F11f5tc8spv!19sChIJjbUYvhO1bTkRsVbEg-k3KMM?authuser=0&hl=en&rclk=1,4.9,60,Event planner,"Balaji Tower IV, 706, 6, Tonk Rd",,Open,,Not Called,None,
Surprise Culture - Surprise Event Planner,083021 25569,https://www.surpriseculture.in/,https://www.google.com/maps/place/Surprise+Culture+-+Surprise+Event+Planner/data=!4m7!3m6!1s0x396db513c2df8083:0x96d67a1d31e73ba9!8m2!3d26.8811787!4d75.7829704!16s%2Fg%2F11nl9j3hc8!19sChIJg4DfwhO1bTkRqTvnMR161pY?authuser=0&hl=en&rclk=1,5.0,277,Event planner,·,,Open 24 hours,,Not Called,None,
Laaj Event Management,099285 22088,,https://www.google.com/maps/place/Laaj+Event+Management/data=!4m7!3m6!1s0x396db5a72468ec1f:0x3266718cc0ad2d63!8m2!3d26.8379323!4d75.7577181!16s%2Fg%2F11h802344d!19sChIJH-xoJKe1bTkRYy2twIxxZjI?authuser=0&hl=en&rclk=1,4.9,65,Event planner,Open,,· Closes 10 pm,,Not Called,None,
THE PRINCE GROUP OF EVENTS | Wedding Planner,098298 10738,https://www.theprinceevents.com/,https://www.google.com/maps/place/THE+PRINCE+GROUP+OF+EVENTS+%7C+Wedding+Planner/data=!4m7!3m6!1s0x396c4dea4567260f:0x930132d62247ff92!8m2!3d26.9236243!4d75.6969289!16s%2Fg%2F11q_nt6p4r!19sChIJDyZnRepNbDkRkv9HItYyAZM?authuser=0&hl=en&rclk=1,4.7,113,Event planner,·,,Open 24 hours,,Not Called,None,
Wedding Vision,099292 52073,http://www.weddingsvision.com/,https://www.google.com/maps/place/Wedding+Vision/data=!4m7!3m6!1s0x396db5fd745be061:0x747b60e9e2ba5ca1!8m2!3d26.8906932!4d75.7719141!16s%2Fg%2F11swrzcjs5!19sChIJYeBbdP21bTkRoVy64ulge3Q?authuser=0&hl=en&rclk=1,5.0,99,Wedding planner,"5th Floor, Mahima Trinity Mall, 5F-20, Swej Farm Rd",,Open,,Not Called,None,
Satkaar Event & Decorators,098281 12085,http://www.satkaarevents.com/,https://www.google.com/maps/place/Satkaar+Event+%26+Decorators/data=!4m7!3m6!1s0x396db3fda7dd3445:0xec33c7bcd524911b!8m2!3d26.9284239!4d75.8048536!16s%2Fg%2F11j4sw2g_d!19sChIJRTTdp_2zbTkRG5Ek1bzHM-w?authuser=0&hl=en&rclk=1,5.0,441,Event management company,"1156, Nirwan Marg, Jhotwara Rd",,Open 24 hours,,Not Called,None,
Pratha Events | Best Event Management Company in Jaipur | Wedding Planner in jaipur,086966 07292,https://www.instagram.com/pratha_events_/?hl=en,https://www.google.com/maps/place/Pratha+Events+%7C+Best+Event+Management+Company+in+Jaipur+%7C+Wedding+Planner+in+jaipur/data=!4m7!3m6!1s0x396db56bc981a001:0xa5dd14a5ae7f64e2!8m2!3d26.8690949!4d75.7462147!16s%2Fg%2F11vxpg6wnl!19sChIJAaCByWu1bTkR4mR_rqUU3aU?authuser=0&hl=en&rclk=1,5.0,29,Event management company,·,,Open 24 hours,,Not Called,None,
SOS Party -MICE Event Management Company Jaipur,079734 32360,https://www.sosparty.io/,https://www.google.com/maps/place/SOS+Party+-MICE+Event+Management+Company+Jaipur/data=!4m7!3m6!1s0x396db55d08703033:0xd0a4d2a9fb0b6199!8m2!3d26.8874296!4d75.7471471!16s%2Fg%2F11v6b_t7hj!19sChIJMzBwCF21bTkRmWEL-6nSpNA?authuser=0&hl=en&rclk=1,5.0,73,Event planner,·,,Open,,Not Called,None,
COSMICAL EVENT PLANNERS PRIVATE LIMITED,099299 25236,https://cosmicalevents.in/,https://www.google.com/maps/place/COSMICAL+EVENT+PLANNERS+PRIVATE+LIMITED/data=!4m7!3m6!1s0x396db50d701921c3:0x40b56efffcea663b!8m2!3d26.8807811!4d75.75357!16s%2Fg%2F11mdhn3f6g!19sChIJwyEZcA21bTkRO2bq_P9utUA?authuser=0&hl=en&rclk=1,4.7,15,Event planner,"131, Gopalpura Bypass Rd, near Mansarovar Metro station",,Open,,Not Called,None,
Natraj Events Organizer,098296 45670,,https://www.google.com/maps/place/Natraj+Events+Organizer/data=!4m7!3m6!1s0x396db449bb8d1d81:0x8f1fe8526be6ddd9!8m2!3d26.8787915!4d75.7817293!16s%2Fg%2F11c5rv3x4_!19sChIJgR2Nu0m0bTkR2d3ma1LoH48?authuser=0&hl=en&rclk=1,4.8,59,Event management company,Open 24 hours,,,,Not Called,None,
Panache Events Pvt. Ltd.,098288 85556,http://www.panacheevents.in/,https://www.google.com/maps/place/Panache+Events+Pvt.+Ltd./data=!4m7!3m6!1s0x396db49dc8784fa1:0x70e22a682fa863e2!8m2!3d26.8956945!4d75.7268067!16s%2Fg%2F1hc10k4_2!19sChIJoU94yJ20bTkR4mOoL2gq4nA?authuser=0&hl=en&rclk=1,4.7,53,Event planner,·,,Open,,Not Called,None,
Desert Events Planners,081078 64787,http://www.deserteventsplanners.com/,https://www.google.com/maps/place/Desert+Events+Planners/data=!4m7!3m6!1s0x396db52f66ba7c63:0x795880ad08b639a1!8m2!3d26.8213005!4d75.8059706!16s%2Fg%2F11hd__696q!19sChIJY3y6Zi-1bTkRoTm2CK2AWHk?authuser=0&hl=en&rclk=1,5.0,121,Event planner,"Samrat Nagar, Terminal 1, Airport Rd, opposite Jaipur International Airport",,Open 24 hours,,Not Called,None,
Neha’s Evento Media Services Pvt. Ltd.,099289 53600,https://nehas-evento-media.grexa.site/,https://www.google.com/maps/place/Neha%E2%80%99s+Evento+Media+Services+Pvt.+Ltd./data=!4m7!3m6!1s0x396db139c63aaaa9:0x76c6d27637530485!8m2!3d26.8637166!4d75.7959765!16s%2Fg%2F11bzz3cn33!19sChIJqao6xjmxbTkRhQRTN3bSxnY?authuser=0&hl=en&rclk=1,4.7,121,Event planner,·,,Open,,Not Called,None,
Wedding Planners in Jaipur,075689 73020,https://weddingplannersinjaipur.com/,https://www.google.com/maps/place/Wedding+Planners+in+Jaipur/data=!4m7!3m6!1s0x396db54fd153eb5d:0xec318065b708bd69!8m2!3d26.9060034!4d75.7370891!16s%2Fg%2F11wn25xswb!19sChIJXetT0U-1bTkRab0It2WAMew?authuser=0&hl=en&rclk=1,5.0,142,Wedding planner,"Office no 24, Gandhi Path Rd, near goa khaju wala",,Open 24 hours,,Not Called,None,
UROSE Entertainment,099281 99997,,https://www.google.com/maps/place/UROSE+Entertainment/data=!4m7!3m6!1s0x396db58ce895a1f3:0xf64deaa4d3dc630b!8m2!3d26.8729294!4d75.7583229!16s%2Fg%2F11tnczc2xg!19sChIJ86GV6Iy1bTkRC2Pc06TqTfY?authuser=0&hl=en&rclk=1,4.8,37,Wedding planner,Open,,· Closes 10:30 pm,,Not Called,None,
Swarnim Events,080940 55777,http://www.swarnimevents.com/,https://www.google.com/maps/place/Swarnim+Event%27s/data=!4m7!3m6!1s0x396db54c39d8c051:0x81abd6ac547ba98b!8m2!3d26.8400546!4d75.7509626!16s%2Fg%2F11ghsbmzbm!19sChIJUcDYOUy1bTkRi6l7VKzWq4E?authuser=0&hl=en&rclk=1,4.9,15,Event management company,·,,Open 24 hours,,Not Called,None,
Show Mania Events,096805 55187,https://showmaniaevents.com/,https://www.google.com/maps/place/Show+Mania+Events/data=!4m7!3m6!1s0x396db4a1fc51db3b:0xef7dc899a7892211!8m2!3d26.9076252!4d75.7370219!16s%2Fg%2F11f4l9kvj9!19sChIJO9tR_KG0bTkRESKJp5nIfe8?authuser=0&hl=en&rclk=1,4.8,87,Event planner,"16, Jagdamba Colony Rd",,Open,,Not Called,None,
JWPD,075689 21464,https://jaipurweddings.in/,https://www.google.com/maps/place/JWPD/data=!4m7!3m6!1s0x396db6aa12228a0f:0xf22be8d934fdfada!8m2!3d26.9117754!4d75.8008345!16s%2Fg%2F11b6q9bfl_!19sChIJD4oiEqq2bTkR2vr9NNnoK_I?authuser=0&hl=en&rclk=1,4.9,243,Wedding planner,·,,Open 24 hours,,Not Called,None,
TAD Events,078777 72391,https://tadevents.in/,https://www.google.com/maps/place/TAD+Events/data=!4m7!3m6!1s0x396db5064aea50ad:0xa1c92bc4be63df97!8m2!3d26.882527!4d75.756143!16s%2Fg%2F11h_3zvl0_!19sChIJrVDqSga1bTkRl99jvsQryaE?authuser=0&hl=en&rclk=1,4.5,225,Wedding planner,·,,Open 24 hours,,Not Called,None,
Dezire Event,087691 11119,http://www.dezireevent.com/,https://www.google.com/maps/place/Dezire+Event/data=!4m7!3m6!1s0x396db5a417f18909:0xd7af3d84a7bb319b!8m2!3d26.8538649!4d75.7670824!16s%2Fg%2F11cndc3f2g!19sChIJCYnxF6S1bTkRmzG7p4Q9r9c?authuser=0&hl=en&rclk=1,4.4,14,Event planner,·,,Open,,Not Called,None,
The Eventor,090240 15986,https://www.theeventor.in/,https://www.google.com/maps/place/The+Eventor/data=!4m7!3m6!1s0x396db535fa88a8b7:0x2939d3bc5ebcdcd8!8m2!3d26.9024701!4d75.7712635!16s%2Fg%2F11ft9dtbjg!19sChIJt6iI-jW1bTkR2Ny8XrzTOSk?authuser=0&hl=en&rclk=1,4.9,10,Event planner,·,,Open,,Not Called,None,
Sneh Milan Events – Best Event Management Company in Jaipur,070144 24062,https://snehmilanevents.in/,https://www.google.com/maps/place/Sneh+Milan+Events+%E2%80%93+Best+Event+Management+Company+in+Jaipur/data=!4m7!3m6!1s0x396db589deb48e01:0x9e8f252c0a1e4e9e!8m2!3d26.8332958!4d75.7524481!16s%2Fg%2F11shcyx7v5!19sChIJAY603om1bTkRnk4eCiwlj54?authuser=0&hl=en&rclk=1,4.8,13,Event planner,·,,Open 24 hours,,Not Called,None,
Gulaab Ghar | Event Decorators & Planners from Jaipur,089498 56032,,https://www.google.com/maps/place/Gulaab+Ghar+%7C+Event+Decorators+%26+Planners+from+Jaipur/data=!4m7!3m6!1s0x396db7a235ffe93f:0x6fe128cce8cee839!8m2!3d26.9060236!4d75.8233627!16s%2Fg%2F11m5vvx23g!19sChIJP-n_NaK3bTkROejO6Mwo4W8?authuser=0&hl=en&rclk=1,5.0,74,Event planner,Open,,· Closes 10 pm,,Not Called,None,
YUGALE Events,091666 66618,http://www.yugale.com/,https://www.google.com/maps/place/YUGALE+Events/data=!4m7!3m6!1s0x396db49da8f469b5:0x78c86f1ca74d500b!8m2!3d26.9177329!4d75.7228854!16s%2Fg%2F11j7z05k8p!19sChIJtWn0qJ20bTkRC1BNpxxvyHg?authuser=0&hl=en&rclk=1,4.9,64,Event planner,·,,Open,,Not Called,None,
PRATISHTHA EVENTS,085619 51850,,https://www.google.com/maps/place/PRATISHTHA+EVENTS/data=!4m7!3m6!1s0x396db32cead52511:0xc785ae7686fc8c0a!8m2!3d26.9217003!4d75.7872038!16s%2Fg%2F11gy3dvqsw!19sChIJESXV6iyzbTkRCoz8hnauhcc?authuser=0&hl=en&rclk=1,4.8,65,Event management company,Open,,· Closes 7:45 pm,,Not Called,None,
Mapsor weddings,090017 99999,http://www.mapsorweddings.com/?utm_source=GMBlisting&utm_medium=organic,https://www.google.com/maps/place/Mapsor+weddings/data=!4m7!3m6!1s0x396db45effffffff:0xfad55142d2855c25!8m2!3d26.8989624!4d75.756821!16s%2Fg%2F1tfqpbwf!19sChIJ_____160bTkRJVyF0kJR1fo?authuser=0&hl=en&rclk=1,4.8,59,Event planner,·,,Open 24 hours,,Not Called,None,
Adorable Event,090790 95575,https://adorableevent.in/,https://www.google.com/maps/place/Adorable+Event/data=!4m7!3m6!1s0x396db52a5636f861:0x9237e8562263bcbb!8m2!3d26.8697266!4d75.7968439!16s%2Fg%2F11y66ywk6y!19sChIJYfg2Viq1bTkRu7xjIlboN5I?authuser=0&hl=en&rclk=1,4.8,63,Event planner,·,,Open,,Not Called,None,
The Vibrant Events,089479 50017,,https://www.google.com/maps/place/The+Vibrant+Events/data=!4m7!3m6!1s0x396db725ab3a5f3f:0x97cbc03b5f468bfc!8m2!3d26.897908!4d75.7798208!16s%2Fg%2F11jjl_5kn8!19sChIJP186qyW3bTkR_ItGXzvAy5c?authuser=0&hl=en&rclk=1,4.9,48,Event planner,Open 24 hours,,,,Not Called,None,
Devshree Wedding Planner,098873 89999,https://devshree.co.in/,https://www.google.com/maps/place/Devshree+Wedding+Planner/data=!4m7!3m6!1s0x396db326c42cb34f:0x9304c7b63cb9282e!8m2!3d26.8718664!4d75.797865!16s%2Fg%2F11kwl9hwc8!19sChIJT7MsxCazbTkRLii5PLbHBJM?authuser=0&hl=en&rclk=1,4.6,163,Wedding planner,·,,Open,,Not Called,None,
The Radhakrishnam Event Planner,089558 83427,,https://www.google.com/maps/place/The+Radhakrishnam+Event+Planner/data=!4m7!3m6!1s0xbf97588c5964397:0xf17fe2ec95fac7f5!8m2!3d26.8635563!4d75.7717303!16s%2Fg%2F11w2gmgckm!19sChIJl0OWxYh1-QsR9cf6lezif_E?authuser=0&hl=en&rclk=1,5.0,119,Wedding planner,Open,,· Closes 10 pm,,Not Called,None,
Nathani Decorators | Luxury Wedding & Destination Decor Jaipur,073405 06208,,https://www.google.com/maps/place/Nathani+Decorators+%7C+Luxury+Wedding+%26+Destination+Decor+Jaipur/data=!4m7!3m6!1s0x396db30a3d1e76bb:0x517323cf8c5cc43a!8m2!3d26.8888233!4d75.743532!16s%2Fg%2F1ptxvfdg8!19sChIJu3YePQqzbTkROsRcjM8jc1E?authuser=0&hl=en&rclk=1,4.9,53,Event planner,Open 24 hours,,,,Not Called,None,
Venus Entertainments & Wedding Planner,,,https://www.google.com/maps/place/Venus+Entertainments+%26+Wedding+Planner/data=!4m7!3m6!1s0x396db58ccb872b7f:0x7d2c50b25d0fcfbe!8m2!3d26.8389455!4d75.7713775!16s%2Fg%2F11kqs25q4q!19sChIJfyuHy4y1bTkRvs8PXbJQLH0?authuser=0&hl=en&rclk=1,4.8,25,Wedding planner,Open,,· Closes 9 pm,,Not Called,None,
Jaipur vibe events,099831 75133,https://www.instagram.com/jaipurvibe_events/,https://www.google.com/maps/place/Jaipur+vibe+events/data=!4m7!3m6!1s0x396db528ff1751c5:0x2bbe010e12fe33e6!8m2!3d26.8489972!4d75.7813763!16s%2Fg%2F11h7vgks39!19sChIJxVEX_yi1bTkR5jP-Eg4Bvis?authuser=0&hl=en&rclk=1,4.9,32,Event planner,·,,Open now,,Not Called,None,
Anchor Pradeep Chandnani,083860 13207,,https://www.google.com/maps/place/Anchor+Pradeep+Chandnani/data=!4m7!3m6!1s0x396db5552731b5e3:0x99aa78ed98295a6d!8m2!3d26.8354942!4d75.7733169!16s%2Fg%2F11h3cnrrjp!19sChIJ47UxJ1W1bTkRbVopmO14qpk?authuser=0&hl=en&rclk=1,5.0,59,Event planner,Open 24 hours,,,,Not Called,None,
Aakriti Events,096499 04951,https://aakritievents.com/,https://www.google.com/maps/place/Aakriti+Events/data=!4m7!3m6!1s0x396db53295fe7969:0xdf05e93e4108266a!8m2!3d26.8543525!4d75.7615375!16s%2Fg%2F11w3qkgtn5!19sChIJaXn-lTK1bTkRaiYIQT7pBd8?authuser=0&hl=en&rclk=1,5.0,17,Event planner,·,,Open 24 hours,,Not Called,None,
Queens and Kings Events,086964 44446,https://queensandkingsevents.in/,https://www.google.com/maps/place/Queens+and+Kings+Events/data=!4m7!3m6!1s0x2a4fb143b537b60d:0xd35c96928c24e261!8m2!3d26.914075!4d75.7977968!16s%2Fg%2F11y30_35n2!19sChIJDbY3tUOxTyoRYeIkjJKWXNM?authuser=0&hl=en&rclk=1,4.9,36,Event planner,·,,Open 24 hours,,Not Called,None,
Posh Infotainment,081144 55098,,https://www.google.com/maps/place/Posh+Infotainment/data=!4m7!3m6!1s0x396db5cb62d2cf8d:0x9053e7cb8cb21510!8m2!3d26.8995145!4d75.7391251!16s%2Fg%2F11jt40d3sj!19sChIJjc_SYsu1bTkREBWyjMvnU5A?authuser=0&hl=en&rclk=1,4.7,21,Event planner,Open 24 hours,,,,Not Called,None,
Shaan Event and planner,077377 98690,https://shaanevent.wixsite.com/website,https://www.google.com/maps/place/Shaan+Event+and+planner/data=!4m7!3m6!1s0x396db7a375869d6d:0x8b13d49ab1ccb135!8m2!3d26.9161646!4d75.8838316!16s%2Fg%2F11mhbp9hn4!19sChIJbZ2GdaO3bTkRNbHMsZrUE4s?authuser=0&hl=en&rclk=1,4.8,80,Event management company,"Tadkeshwar Nagar, Plot No. 5, behind Tarakeshwar Temple, near Hotel Devi Ratan",,Open,,Not Called,None,
Life happiness wedding plan and events-Wedding Planner in Jaipur,086197 29371,,https://www.google.com/maps/place/Life+happiness+wedding+plan+and+events-Wedding+Planner+in+Jaipur/data=!4m7!3m6!1s0x396db35795a00319:0x6bbf1cf614947a81!8m2!3d26.9175492!4d75.7171663!16s%2Fg%2F11zjm12qxj!19sChIJGQOglVezbTkRgXqUFPYcv2s?authuser=0&hl=en&rclk=1,5.0,23,Event planner,Open,,· Closes 7 pm,,Not Called,None,
ART EFFECT,098280 14822,http://arteffect.events/,https://www.google.com/maps/place/ART+EFFECT/data=!4m7!3m6!1s0x396dcb5d8a834dc9:0x1eaac17c09b5ed5e!8m2!3d26.8715563!4d75.7758478!16s%2Fg%2F11h9h8f213!19sChIJyU2Dil3LbTkRXu21CXzBqh4?authuser=0&hl=en&rclk=1,5.0,72,Event planner,·,,Open,,Not Called,None,
SK JAIPUR DECORATION - Event Management Service,096607 86457,https://skjaipurdecorationevents.in/,https://www.google.com/maps/place/SK+JAIPUR+DECORATION+-+Event+Management+Service/data=!4m7!3m6!1s0x396db557aba5314d:0x623cc834b475e1f!8m2!3d26.8723291!4d75.7491194!16s%2Fg%2F11vd3f5jgr!19sChIJTTGlq1e1bTkRH15HS4PMIwY?authuser=0&hl=en&rclk=1,5.0,13,Event planner,·,,Open 24 hours,,Not Called,None,
PUNAHA DECOR & EVENTS,078919 21035,http://punahaevents.com/,https://www.google.com/maps/place/PUNAHA+DECOR+%26+EVENTS/data=!4m7!3m6!1s0x8c8c5015e818b45d:0x21fdf9c9ebcc4ee1!8m2!3d26.8192458!4d75.7563563!16s%2Fg%2F11w55v3rs8!19sChIJXbQY6BVQjIwR4U7M68n5_SE?authuser=0&hl=en&rclk=1,4.9,72,Event management company,"Nand Vihar, 27, Rampura Rd",,Open,,Not Called,None,
Surprise Planner Luxury Proposal Date Planner Candlelight Dinner B`bay & Balloon Decor,091169 18882,https://surpriseplanner.in/,https://www.google.com/maps/place/Surprise+Planner+Luxury+Proposal+Date+Planner+Candlelight+Dinner+B%60bay+%26+Balloon+Decor/data=!4m7!3m6!1s0x396db53e7a09da5b:0x7caa59d891633467!8m2!3d26.9104124!4d75.7445661!16s%2Fg%2F11g0lbrhnz!19sChIJW9oJej61bTkRZzRjkdhZqnw?authuser=0&hl=en&rclk=1,4.5,410,Event planner,803,,,,Not Called,None,
V4 Events Pvt. Ltd.,098291 58758,http://www.v4events.in/,https://www.google.com/maps/place/V4+Events+Pvt.+Ltd./data=!4m7!3m6!1s0x396db41b3a5d4b51:0x7cc1fdb8197a04ca!8m2!3d26.907092!4d75.799211!16s%2Fg%2F11bbrm8ynl!19sChIJUUtdOhu0bTkRygR6Gbj9wXw?authuser=0&hl=en&rclk=1,4.7,73,Event planner,·,,Open,,Not Called,None,
Weddings And Events By Amitesh | Wedding Planners in Jaipur,092891 84507,https://weddingsandeventsbyamitesh.com/wedding-planners-in-jaipur,https://www.google.com/maps/place/Weddings+And+Events+By+Amitesh+%7C+Wedding+Planners+in+Jaipur/data=!4m7!3m6!1s0x396db303f181862f:0x68359c041793fe84!8m2!3d27.0031839!4d75.7701354!16s%2Fg%2F11xgd7j9qz!19sChIJL4aB8QOzbTkRhP6TFwScNWg?authuser=0&hl=en&rclk=1,4.8,57,Event planner,·,,Open 24 hours,,Not Called,None,
All About Celebration Events,090018 34949,,https://www.google.com/maps/place/All+About+Celebration+Events/data=!4m7!3m6!1s0x396dcb235da10815:0xbdd1b31694f47ba8!8m2!3d26.8250632!4d75.7913006!16s%2Fg%2F11tmhqymdd!19sChIJFQihXSPLbTkRqHv0lBaz0b0?authuser=0&hl=en&rclk=1,4.8,74,Event management company,Open 24 hours,,,,Not Called,None,
Rang Birangi Rasmein wedding planners,080055 41385,,https://www.google.com/maps/place/Rang+Birangi+Rasmein+wedding+planners/data=!4m7!3m6!1s0x396db596c8cb6fd3:0xb72cb11042165690!8m2!3d26.8411887!4d75.7725907!16s%2Fg%2F11vq05gqcx!19sChIJ02_LyJa1bTkRkFYWQhCxLLc?authuser=0&hl=en&rclk=1,5.0,20,Event planner,Open 24 hours,,,,Not Called,None,
ShruSun Events and Media Pvt. Ltd.,,https://shrusunevents.com/,https://www.google.com/maps/place/ShruSun+Events+and+Media+Pvt.+Ltd./data=!4m7!3m6!1s0x396db59675a6cae7:0x3af26f73a8c81769!8m2!3d26.8583091!4d75.7392049!16s%2Fg%2F11fjy2zmg_!19sChIJ58qmdZa1bTkRaRfIqHNv8jo?authuser=0&hl=en&rclk=1,4.9,18,Event planner,"Scheme Sukhija Vihar, 58",,Open,,Not Called,None,
Pichi event,098286 28171,,https://www.google.com/maps/place/Pichi+event/data=!4m7!3m6!1s0x396db52f9b0c5b01:0x5abbea958199d19f!8m2!3d26.9007041!4d75.7288218!16s%2Fg%2F11j5kgtptm!19sChIJAVsMmy-1bTkRn9GZgZXqu1o?authuser=0&hl=en&rclk=1,5.0,103,Wedding planner,Open,,· Closes 5 pm,,Not Called,None,
GB Sounds and Events - Best Event Planner in Jaipur,077376 66668,http://gbsoundsandevents.in/,https://www.google.com/maps/place/GB+Sounds+and+Events+-+Best+Event+Planner+in+Jaipur/data=!4m7!3m6!1s0x396db3b7d979045f:0x706303e02a3d6163!8m2!3d26.9386236!4d75.8025788!16s%2Fg%2F11x8m2bj34!19sChIJXwR52bezbTkRY2E9KuADY3A?authuser=0&hl=en&rclk=1,4.9,31,Event planner,·,,Open,,Not Called,None,
Crazy Event Planner,099880 86688,http://www.crazyeventplanner.in/,https://www.google.com/maps/place/Crazy+Event+Planner/data=!4m7!3m6!1s0x396db5ecd43d6d05:0xe878e24dfb2027e5!8m2!3d26.8764197!4d75.7835595!16s%2Fg%2F11pws1myw5!19sChIJBW091Oy1bTkR5Scg-03ieOg?authuser=0&hl=en&rclk=1,4.8,17,Party planner,·,,Open,,Not Called,None,
Wedifys | Wedding Planners and Productions,086969 46081,https://www.wedifys.com/,https://www.google.com/maps/place/Wedifys+%7C+Wedding+Planners+and+Productions/data=!4m7!3m6!1s0x396db69c3d255a0d:0xb7efd4e68dc6728b!8m2!3d26.8861601!4d75.7439607!16s%2Fg%2F11b6d7fdvz!19sChIJDVolPZy2bTkRi3LGjebU77c?authuser=0&hl=en&rclk=1,4.8,22,Event planner,"4th Floor, 501, Jan Path",,Open,,Not Called,None,
"Vigor Sports and Event Management Pvt. Ltd. | Best Event Management Company in Jaipur | Sports, Corporate Events Management",098288 88003,http://vigorevents.co.in/,"https://www.google.com/maps/place/Vigor+Sports+and+Event+Management+Pvt.+Ltd.+%7C+Best+Event+Management+Company+in+Jaipur+%7C+Sports,+Corporate+Events+Management/data=!4m7!3m6!1s0x396db60debebb78d:0xe611d1c79e395e05!8m2!3d26.8608837!4d75.7486622!16s%2Fg%2F11dxqg_yxb!19sChIJjbfr6w22bTkRBV45nsfREeY?authuser=0&hl=en&rclk=1",4.8,12,Event management company,"Krishna Vihar-C, 192",,Open,,Not Called,None,
Ovation Events - “Made For Memories”,098283 72525,,https://www.google.com/maps/place/Ovation+Events+-+%E2%80%9CMade+For+Memories%E2%80%9D/data=!4m7!3m6!1s0x396db50d2a8c73c3:0x65bbe570b4ba8874!8m2!3d26.88561!4d75.7554542!16s%2Fg%2F11g0dv8njg!19sChIJw3OMKg21bTkRdIi6tHDlu2U?authuser=0&hl=en&rclk=1,5.0,38,Event planner,Open,,· Closes 8 pm,,Not Called,None,
Wedding Gala,081122 98504,,https://www.google.com/maps/place/Wedding+Gala/data=!4m7!3m6!1s0x396db5f0b9a4bd0d:0x45d93b5d45bf6fe5!8m2!3d26.8616148!4d75.764529!16s%2Fg%2F11fnh27r56!19sChIJDb2kufC1bTkR5W-_RV072UU?authuser=0&hl=en&rclk=1,4.8,26,Event planner,Open,,· Closes 8 pm,,Not Called,None,
Konark Weddings,099295 33253,https://konarkweddings.com/,https://www.google.com/maps/place/Konark+Weddings/data=!4m7!3m6!1s0x396db45c02bd8e25:0x7a40825c979f9ff3!8m2!3d26.8740359!4d75.7965904!16s%2Fg%2F1tcv98xz!19sChIJJY69Aly0bTkR85-fl1yCQHo?authuser=0&hl=en&rclk=1,4.4,116,Event planner,·,,Open,,Not Called,None,
Kaarwaan Events,095082 08745,https://www.kaarwaan.co/,https://www.google.com/maps/place/Kaarwaan+Events/data=!4m7!3m6!1s0x396db5a1cf4211fd:0x94f74d36beb3cf6!8m2!3d26.8498569!4d75.7796286!16s%2Fg%2F11wb1537kv!19sChIJ_RFCz6G1bTkR9jzra9N0Twk?authuser=0&hl=en&rclk=1,4.9,50,Event planner,·,,Open,,Not Called,None,
Save The Date : Event & Entertainments,093522 22282,,https://www.google.com/maps/place/Save+The+Date+:+Event+%26+Entertainments/data=!4m7!3m6!1s0x396db5f6617b53bd:0x5676811c58e49dd0!8m2!3d26.828705!4d75.790586!16s%2Fg%2F11fy4jw6zb!19sChIJvVN7Yfa1bTkR0J3kWByBdlY?authuser=0&hl=en&rclk=1,4.9,33,Event planner,Open,,· Closes 5 pm,,Not Called,None,
One Event Pvt. Ltd.,093526 33913,http://www.oneevent.in/,https://www.google.com/maps/place/One+Event+Pvt.+Ltd./data=!4m7!3m6!1s0x396db4f7ecf822df:0xf9a8fd92081ea7c5!8m2!3d26.8812894!4d75.7591606!16s%2Fg%2F11bxglyy29!19sChIJ3yL47Pe0bTkRxaceCJL9qPk?authuser=0&hl=en&rclk=1,4.5,40,Event planner,·,,Open 24 hours,,Not Called,None,
DeshRangg Entertainment,099586 39408,,https://www.google.com/maps/place/DeshRangg+Entertainment/data=!4m7!3m6!1s0x396c4ba2a4c5830d:0x9a7375d22c529ef!8m2!3d26.8729075!4d75.7043021!16s%2Fg%2F11nfr8hxpj!19sChIJDYPFpKJLbDkR7ynFIl03pwk?authuser=0&hl=en&rclk=1,4.8,53,Event planner,Open 24 hours,,,,Not Called,None,
Dream day wedding planner,092692 72025,http://dreamdayweddingplanner.com/,https://www.google.com/maps/place/Dream+day+wedding+planner/data=!4m7!3m6!1s0x396db1510724c875:0x11e4fb1b6ce306bb!8m2!3d26.9289825!4d75.8155171!16s%2Fg%2F11hbjl10b3!19sChIJdcgkB1GxbTkRuwbjbBv75BE?authuser=0&hl=en&rclk=1,4.7,57,Wedding planner,·,,Open 24 hours,,Not Called,None,
House of Events,093092 77564,,https://www.google.com/maps/place/House+of+Events/data=!4m7!3m6!1s0x396db383d2ac1835:0x18aa57b4f67fa4b1!8m2!3d26.9061067!4d75.7348208!16s%2Fg%2F11r264rprs!19sChIJNRis0oOzbTkRsaR_9rRXqhg?authuser=0&hl=en&rclk=1,4.6,66,Event management company,Open 24 hours,,,,Not Called,None,
The Wedding Company,088840 90499,https://www.theweddingcompany.com/?source=gmaps-jaipur,https://www.google.com/maps/place/The+Wedding+Company/data=!4m7!3m6!1s0x396db558f5c4e3af:0x612c0b984147196!8m2!3d26.8456758!4d75.7638043!16s%2Fg%2F11vm6vy0ly!19sChIJr-PE9Vi1bTkRlnEUhLnAEgY?authuser=0&hl=en&rclk=1,5.0,30,Wedding planner,·,,Open,,Not Called,None,
Krishna Events,075974 24186,https://krishnaeventss.com/,https://www.google.com/maps/place/Krishna+Events/data=!4m7!3m6!1s0x396db35fcbebd511:0x1cca89bbe9eb1aa5!8m2!3d26.9635663!4d75.7807409!16s%2Fg%2F11fs0c60v3!19sChIJEdXry1-zbTkRpRrr6buJyhw?authuser=0&hl=en&rclk=1,5.0,176,Event planner,"Alankar Plaza, B-24",,Open 24 hours,,Not Called,None,
One World United,097995 35809,https://www.instagram.com/oneworldunited.in/,https://www.google.com/maps/place/One+World+United/data=!4m7!3m6!1s0x396db5990375d8b3:0xd6288ff369275e21!8m2!3d26.8938769!4d75.764016!16s%2Fg%2F11f0kzqqwf!19sChIJs9h1A5m1bTkRIV4nafOPKNY?authuser=0&hl=en&rclk=1,5.0,23,Wedding planner,·,,Open,,Not Called,None,
"Event done by isha , best wedding planner in jaipur, royal events",,https://mybillbook.in/store/royal_flowers_events,"https://www.google.com/maps/place/Event+done+by+isha+,+best+wedding+planner+in+jaipur,+royal+event%27s/data=!4m7!3m6!1s0x396db33fe1f81fd1:0x9fbb53d88652577e!8m2!3d26.976243!4d75.7440554!16s%2Fg%2F11z4vgvx0q!19sChIJ0R_44T-zbTkRfldShthTu58?authuser=0&hl=en&rclk=1",5.0,13,Event planner,,,Open,,Not Called,None,
Amazing India Event,099821 11181,,https://www.google.com/maps/place/Amazing+India+Event/data=!4m7!3m6!1s0x396db5d27863ec5d:0xf530bfe4262636a0!8m2!3d26.9055253!4d75.794893!16s%2Fg%2F11rx3fzs0p!19sChIJXexjeNK1bTkRoDYmJuS_MPU?authuser=0&hl=en&rclk=1,4.9,11,Wedding planner,Open,,· Closes 8 pm,,Not Called,None,
Genix Events | Luxury Wedding Planner Jaipur,090790 01762,https://www.genixevent.com/,https://www.google.com/maps/place/Genix+Events+%7C+Luxury+Wedding+Planner+Jaipur/data=!4m7!3m6!1s0x396db5342857cc53:0x34b7d9fa17a1f456!8m2!3d26.8891259!4d75.7644926!16s%2Fg%2F11ywp_mcyz!19sChIJU8xXKDS1bTkRVvShF_rZtzQ?authuser=0&hl=en&rclk=1,5.0,4,Event planner,"Jyoti Kiran, 662",,Open,,Not Called,None,
Event planners in jaipur,,https://eventplannersinjaipur.com/,https://www.google.com/maps/place/Event+planners+in+jaipur/data=!4m7!3m6!1s0x396db32e4f8aaef7:0xeea13c5a6306a58e!8m2!3d26.9536292!4d75.7027467!16s%2Fg%2F11njgqt14x!19sChIJ966KTy6zbTkRjqUGY1o8oe4?authuser=0&hl=en&rclk=1,5.0,8,Wedding planner,"10-11, Kalwar Rd",,Open 24 hours,,Not Called,None,
Angel Events,090243 22333,https://angelevents.ueniweb.com/?utm_campaign=gmb,https://www.google.com/maps/place/Angel+Events/data=!4m7!3m6!1s0x396db5f5abf8a52d:0x15fb148d72f60ea9!8m2!3d26.9132858!4d75.8034465!16s%2Fg%2F11hfjyyqd0!19sChIJLaX4q_W1bTkRqQ72co0U-xU?authuser=0&hl=en&rclk=1,4.7,62,Wedding planner,,,Open,,Not Called,None,
PK Events & Entertainment,095295 32231,https://www.instagram.com/pkeventsandentertainment,https://www.google.com/maps/place/PK+Events+%26+Entertainment/data=!4m7!3m6!1s0x396db15cccc4fe99:0xc07fcb4b9ca6fff6!8m2!3d26.934936!4d75.823993!16s%2Fg%2F11f71lbwpt!19sChIJmf7EzFyxbTkR9v-mnEvLf8A?authuser=0&hl=en&rclk=1,4.9,22,Event planner,·,,Open 24 hours,,Not Called,None,
Govindam events,074138 21947,,https://www.google.com/maps/place/Govindam+events/data=!4m7!3m6!1s0x396db391e410f0bd:0xf623eabe857c114f!8m2!3d26.9212143!4d75.7913077!16s%2Fg%2F11lmg8f89_!19sChIJvfAQ5JGzbTkRTxF8hb7qI_Y?authuser=0&hl=en&rclk=1,5.0,50,Event planner,Open,,· Closes 10 pm,,Not Called,None,
Rams Event : Wedding Planner in Jaipur,079012 60000,https://ramsevent.com/contact-us,https://www.google.com/maps/place/Rams+Event+:+Wedding+Planner+in+Jaipur/data=!4m7!3m6!1s0x396db5111824a0b9:0xeb127c26d106a56b!8m2!3d26.8697137!4d75.7517277!16s%2Fg%2F11v4j6kdw7!19sChIJuaAkGBG1bTkRa6UG0SZ8Eus?authuser=0&hl=en&rclk=1,5.0,2,Event planner,·,,Open,,Not Called,None,
Jaipur Wedding Planners,092512 87886,https://jaipurweddingplanners.in/,https://www.google.com/maps/place/Jaipur+Wedding+Planners/data=!4m7!3m6!1s0x256504bcb53393e1:0x2b299ab8aec38a58!8m2!3d27.6458152!4d76.4322426!16s%2Fg%2F11z0p8h43n!19sChIJ4ZMztbwEZSURWIrDrriaKSs?authuser=0&hl=en&rclk=1,5.0,72,Wedding planner,,,Open 24 hours,,Not Called,None,
Shaadiwala Wedding Planners Pvt. Ltd,099507 10710,https://shaadiwala.in/,https://www.google.com/maps/place/Shaadiwala+Wedding+Planners+Pvt.+Ltd/data=!4m7!3m6!1s0x396db6947ebe78c9:0xb73988ee71086440!8m2!3d26.8955371!4d75.8317708!16s%2Fg%2F11cs01kp18!19sChIJyXi-fpS2bTkRQGQIce6IObc?authuser=0&hl=en&rclk=1,4.1,37,Wedding planner,·,,Open,,Not Called,None,
Dada Art - Best Event Management Software In India,085030 70299,https://dadaart.in/,https://www.google.com/maps/place/Dada+Art+-+Best+Event+Management+Software+In+India/data=!4m7!3m6!1s0x396db7d9e7510805:0x26268dbdd49f7fcb!8m2!3d26.9095781!4d75.7184034!16s%2Fg%2F11pz16px_n!19sChIJBQhR59m3bTkRy3-f1L2NJiY?authuser=0&hl=en&rclk=1,4.9,100,Event management company,,,Open,,Not Called,None,
"Manav Invites - Caricature Video/ Wedding Video / e-Invitations over SMS, Email, Voice & Whatsapp",097991 35786,https://manavinvites.com/,"https://www.google.com/maps/place/Manav+Invites+-+Caricature+Video%2F+Wedding+Video+%2F+e-Invitations+over+SMS,+Email,+Voice+%26+Whatsapp/data=!4m7!3m6!1s0x396db57f01ed37d3:0xb7e915ca615b0b32!8m2!3d26.8483917!4d75.7900441!16s%2Fg%2F11trsdw5td!19sChIJ0zftAX-1bTkRMgtbYcoV6bc?authuser=0&hl=en&rclk=1",4.8,116,Event planner,·,,Open,,Not Called,None,
Nukoncept Events,097856 12223,http://www.nukonceptevents.com/,https://www.google.com/maps/place/Nukoncept+Events/data=!4m7!3m6!1s0x396db51ef305994f:0x749422ce125c47cb!8m2!3d26.8572012!4d75.7389787!16s%2Fg%2F11c6v4_3lt!19sChIJT5kF8x61bTkRy0dcEs4ilHQ?authuser=0&hl=en&rclk=1,4.9,9,Event planner,·,,Open,,Not Called,None,
Soni Events & Creations,096605 69377,,https://www.google.com/maps/place/Soni+Events+%26+Creations/data=!4m7!3m6!1s0x396db59adcf64965:0x48c5a4bc92b7cfea!8m2!3d26.8764261!4d75.7847398!16s%2Fg%2F11x0qn4276!19sChIJZUn23Jq1bTkR6s-3krykxUg?authuser=0&hl=en&rclk=1,5.0,30,Event management company,Open,,· Closes 8 pm,,Not Called,None,
WeddingX.in Best Wedding Planners in Jaipur,070626 46137,https://weddingx.in/,https://www.google.com/maps/place/WeddingX.in+Best+Wedding+Planners+in+Jaipur/data=!4m7!3m6!1s0x396db5f096d7faeb:0x9f06d43f053d1f24!8m2!3d26.9106599!4d75.7445411!16s%2Fg%2F11g_qys7mg!19sChIJ6_rXlvC1bTkRJB89BT_UBp8?authuser=0&hl=en&rclk=1,4.9,7,Event planner,"Gupta Store, 801",,Open 24 hours,,Not Called,None,
IWP - Indian Wedding Planners,094143 66666,https://www.indianweddingplanners.in/,https://www.google.com/maps/place/IWP+-+Indian+Wedding+Planners/data=!4m7!3m6!1s0x396db403dc34a595:0xfc15151d69669f0b!8m2!3d26.9117443!4d75.8121161!16s%2Fg%2F1tctq1vx!19sChIJlaU03AO0bTkRC59maR0VFfw?authuser=0&hl=en&rclk=1,4.6,39,Wedding planner,"ground floor, Sangram Colony, 34",,,,Not Called,None,
Namastassyai Events & Designs,,https://namastassyaievents.com/,https://www.google.com/maps/place/Namastassyai+Events+%26+Designs/data=!4m7!3m6!1s0x396db5ca2a415d13:0xeecb559096e2567e!8m2!3d26.8838889!4d75.7339427!16s%2Fg%2F11s5xs9h5n!19sChIJE11BKsq1bTkRflbilpBVy-4?authuser=0&hl=en&rclk=1,5.0,23,Event planner,,,Open,,Not Called,None,
SAAJ WEDDINGS,097823 40243,https://www.saajweddings.com/,https://www.google.com/maps/place/SAAJ+WEDDINGS/data=!4m7!3m6!1s0x396db24ad0000019:0x85e5feb42013a2ac!8m2!3d26.9116922!4d75.7407675!16s%2Fg%2F11fy0s0qqb!19sChIJGQAA0EqybTkRrKITILT-5YU?authuser=0&hl=en&rclk=1,4.9,29,Wedding planner,·,,Open 24 hours,,Not Called,None,
Balloon bazar,073576 26739,https://www.google.com/aclk?sa=L&ai=DChsSEwjgkeKayPyVAxUEqWYCHbYNJ8QYACICCAEQBhoCc20&co=1&ase=2&gclid=CjwKCAjwj7HTBhBiEiwA8s35OrmyZtneUSJQyNGcE_ZnTNN85i1y9E0IVslWuwNiKJKRpYY9qUtE3hoCyY8QAvD_BwE&cid=CAAS0wHkaBcXv-s_qq9SpQluKenon2N5uTZJmUCDOhbD2pAvThkDc0Gm-eIhj_NRciyAOHxtEx-_RFYQMkT9W3ZGG99BS3n-K2EG34SyNZ7ZgH7G_qBGBJ2uSHKUnxcvsnaZz9yy1BXpzOiukXIkLtR5LNwCcw1aX7lOwicpktCB-JtOrgDzfBDAzhzc5_LJ1zk2ClD2l8uXR_MJ-58-BRoXgTtYOFKXixfy9s8WgpiDdGHdmt0-DOKX6iiN_KTAvQ2efjUU9y2X_kLaTE8q9JlzdMQCLwE2&cce=2&category=acrcp_v1_32&sig=AOD64_0HYDTm_LT-fSOtkd1zvkhmTuOobA&adurl&q&ctype=99&nis=6,https://www.google.com/maps/place/Balloon+bazar/data=!4m7!3m6!1s0x396db55daa8e10d5:0x6f0819ccd2dd07b4!8m2!3d26.866279!4d75.763372!16s%2Fg%2F11mzg2rx4h!19sChIJ1RCOql21bTkRtAfd0swZCG8?authuser=0&hl=en&rclk=1,5.0,12,Balloon artist,Open 24 hours,,,,Not Called,None,
ARDMA Wedding planner,099828 88116,,https://www.google.com/maps/place/ARDMA+Wedding+planner/data=!4m7!3m6!1s0x396db4434330a4e3:0x10fa6c31cdf7ba4b!8m2!3d21.0680074!4d82.7525294!16s%2Fg%2F11c52qdl4j!19sChIJ46QwQ0O0bTkRS7r3zTFs-hA?authuser=0&hl=en&rclk=1,4.9,65,Event planner,Open 24 hours,,,,Not Called,None,
Splash Events,099289 55665,https://splashevents.in/,https://www.google.com/maps/place/Splash+Events/data=!4m7!3m6!1s0x396db6c6a7cb108d:0x73c1b919b2e381bc!8m2!3d26.9066737!4d75.8337395!16s%2Fg%2F11b6lj6rcb!19sChIJjRDLp8a2bTkRvIHjshm5wXM?authuser=0&hl=en&rclk=1,4.8,13,Wedding planner,"B-213, Ravi Path",,Open,,Not Called,None,
Tambi Events & Marketing - Wedding Planner in Triveni Nagar | Marketing Agency in Muktanand Nagar,090575 26601,http://www.tambievents.com/,https://www.google.com/maps/place/Tambi+Events+%26+Marketing+-+Wedding+Planner+in+Triveni+Nagar+%7C+Marketing+Agency+in+Muktanand+Nagar/data=!4m7!3m6!1s0x396db5c9d690ebdf:0x2033f88ed53e43d8!8m2!3d26.8615399!4d75.7926276!16s%2Fg%2F11flf5gc9g!19sChIJ3-uQ1sm1bTkR2EM-1Y74MyA?authuser=0&hl=en&rclk=1,4.7,14,Event planner,·,,Open 24 hours,,Not Called,None,
The Glory Events,097999 99109,https://thegloryevent.com/,https://www.google.com/maps/place/The+Glory+Events/data=!4m7!3m6!1s0x396db57ba0a73339:0x435787493243d874!8m2!3d26.8977846!4d75.7707332!16s%2Fg%2F11fl78drl2!19sChIJOTOnoHu1bTkRdNhDMkmHV0M?authuser=0&hl=en&rclk=1,4.9,55,Event planner,"metro pillar, 38, Shyam Nagar, 120, New Sanganer Rd",,Open,,Not Called,None,
Steller Events - Event planner | Wedding Planner in Jaipur,095714 85445,https://stellerevents.com/,https://www.google.com/maps/place/Steller+Events+-+Event+planner+%7C+Wedding+Planner+in+Jaipur/data=!4m7!3m6!1s0x396db7f88a4d86d5:0xe039f21c516c2ed2!8m2!3d26.8832043!4d75.878188!16s%2Fg%2F11yzkyglx8!19sChIJ1YZNivi3bTkR0i5sURzyOeA?authuser=0&hl=en&rclk=1,5.0,8,Event planner,·,,Open 24 hours,,Not Called,None,
"Krishnchandra EMP (event , marketing and production)",,,"https://www.google.com/maps/place/Krishnchandra+EMP+%28event+,+marketing+and+production%29/data=!4m7!3m6!1s0x396db5b2cc14806b:0x6181edbb81bf6406!8m2!3d26.8861686!4d75.7654095!16s%2Fg%2F11fkqz1p4p!19sChIJa4AUzLK1bTkRBmS_gbvtgWE?authuser=0&hl=en&rclk=1",4.5,17,Event management company,Open,,· Closes 7 pm,,Not Called,None,
Jaipur Celebrations,096605 45700,http://jaipurcelebration.com/,https://www.google.com/maps/place/Jaipur+Celebrations/data=!4m7!3m6!1s0x396db477209c20cb:0x5ead7220c0c0b5cd!8m2!3d26.90973!4d75.7750189!16s%2Fg%2F11c0ppsb24!19sChIJyyCcIHe0bTkRzbXAwCByrV4?authuser=0&hl=en&rclk=1,4.8,199,Event planner,·,,Open,,Not Called,None,
The Royal Events (The Best Decorater),077289 90408,https://theroyaleventsthebestdecorater.sulekha.com/,https://www.google.com/maps/place/The+Royal+Events+%28The+Best+Decorater%29/data=!4m7!3m6!1s0x396db5c616b45e63:0xc1408bb8e6f63c4a!8m2!3d26.8850785!4d75.745411!16s%2Fg%2F11wpk4sl6z!19sChIJY160Fsa1bTkRSjz25riLQME?authuser=0&hl=en&rclk=1,5.0,6,Event planner,·,,Open,,Not Called,None,
Akshay Aayojan,,,https://www.google.com/maps/place/Akshay+Aayojan/data=!4m7!3m6!1s0x396db4fdac81b32f:0xe726b4bb369d027!8m2!3d26.870935!4d75.752056!16s%2Fg%2F11f03w12c9!19sChIJL7OBrP20bTkRJ9Bps0trcg4?authuser=0&hl=en&rclk=1,4.9,13,Event management company,Open now,,,,Not Called,None,
AWPEM Academy of event management & wedding planning,070146 74028,https://www.awpem.com/,https://www.google.com/maps/place/AWPEM+Academy+of+event+management+%26+wedding+planning/data=!4m7!3m6!1s0x396db37b4984225f:0xc1e60ee7748c5aee!8m2!3d26.94372!4d75.7784954!16s%2Fg%2F11nmlgy_4t!19sChIJXyKESXuzbTkR7lqMdOcO5sE?authuser=0&hl=en&rclk=1,4.9,79,College,·,,Open,,Not Called,None,
Happy Dreams,079762 60797,https://happydreams.in/,https://www.google.com/maps/place/Happy+Dreams/data=!4m7!3m6!1s0x396db3a660e81657:0xef8e1fc72231fd83!8m2!3d26.9428792!4d75.7453946!16s%2Fg%2F11h3qrq2th!19sChIJVxboYKazbTkRg_0xIscfju8?authuser=0&hl=en&rclk=1,4.9,95,Event management company,·,,Open,,Not Called,None,
Royal Wedding Planners,,,https://www.google.com/maps/place/Royal+Wedding+Planners/data=!4m7!3m6!1s0x396db466d02c2b6f:0x222c0301c1484fb7!8m2!3d26.8958699!4d75.7669314!16s%2Fg%2F11c5t29xq6!19sChIJbyss0Ga0bTkRt09IwQEDLCI?authuser=0&hl=en&rclk=1,4.9,21,Wedding planner,Open now,,,,Not Called,None,
Shadi Decor,090242 13203,http://www.shadidecor.in/,https://www.google.com/maps/place/Shadi+Decor/data=!4m7!3m6!1s0x396db41a8c58aa39:0xb288d228bc7bb536!8m2!3d26.904791!4d75.796611!16s%2Fg%2F11c30_tyfb!19sChIJOapYjBq0bTkRNrV7vCjSiLI?authuser=0&hl=en&rclk=1,4.8,16,Event planner,·,,Open,,Not Called,None,
Shubham Events & Tent Decorators,083869 65134,,https://www.google.com/maps/place/Shubham+Events+%26+Tent+Decorators/data=!4m7!3m6!1s0x396db31d402af615:0xf36ed690999353af!8m2!3d26.935445!4d75.7560252!16s%2Fg%2F11h_y1vwm2!19sChIJFfYqQB2zbTkRr1OTmZDWbvM?authuser=0&hl=en&rclk=1,4.7,13,Event planner,Open 24 hours,,,,Not Called,None,
Khalsa Events,089054 64094,,https://www.google.com/maps/place/Khalsa+Events/data=!4m7!3m6!1s0x396db50db29e7257:0x57dea2851d9669d9!8m2!3d26.8761013!4d75.7571506!16s%2Fg%2F11xvcpnf3q!19sChIJV3Kesg21bTkR2WmWHYWi3lc?authuser=0&hl=en&rclk=1,5.0,22,Event management company,Open,,· Closes 10 pm,,Not Called,None,
Event Crafter,074138 56000,https://weddingsbyeventcrafter.com/,https://www.google.com/maps/place/Event+Crafter/data=!4m7!3m6!1s0x396db5e4f2b3f0c5:0x8938650984690a8b!8m2!3d26.9113244!4d75.8025791!16s%2Fg%2F11t5qcz66g!19sChIJxfCz8uS1bTkRiwpphAllOIk?authuser=0&hl=en&rclk=1,4.6,11,Wedding planner,·,,Open,,Not Called,None,
Swastik Events By Mukul,096101 44448,,https://www.google.com/maps/place/Swastik+Events+By+Mukul/data=!4m7!3m6!1s0x396db5c4658a3363:0xe0bd8f21720e7f06!8m2!3d26.9348244!4d75.7938965!16s%2Fg%2F11wtn25v99!19sChIJYzOKZcS1bTkRBn8OciGPveA?authuser=0&hl=en&rclk=1,4.9,17,Event planner,Open 24 hours,,,,Not Called,None,
skyweds.in | Best Wedding Planner in Jaipur,,https://skyweds.in/,https://www.google.com/maps/place/skyweds.in+%7C+Best+Wedding+Planner+in+Jaipur/data=!4m7!3m6!1s0x396db5ca692e1bf7:0x4711175bd733b382!8m2!3d26.9118679!4d75.746304!16s%2Fg%2F11wwz5pt3s!19sChIJ9xsuacq1bTkRgrMz11sXEUc?authuser=0&hl=en&rclk=1,5.0,5,Event planner,,,Open,,Not Called,None,
Weddingz Mantra,091161 10221,http://www.weddingzmantra.com/,https://www.google.com/maps/place/Weddingz+Mantra/data=!4m7!3m6!1s0x396db573481ca1a7:0xbbf6128dafde85f0!8m2!3d26.8431329!4d75.7940721!16s%2Fg%2F11y40sn3s4!19sChIJp6EcSHO1bTkR8IXer40S9rs?authuser=0&hl=en&rclk=1,4.1,19,Wedding planner,·,,Open,,Not Called,None,
Wedding world events,089498 54845,http://weddingworldevents.weebly.com/,https://www.google.com/maps/place/Wedding+world+events/data=!4m7!3m6!1s0x396db5e6bde61a11:0xffdcf3065e3782a5!8m2!3d26.861415!4d75.7814757!16s%2Fg%2F11h6d5h5cp!19sChIJERrmvea1bTkRpYI3Xgbz3P8?authuser=0&hl=en&rclk=1,4.1,23,Event management company,·,,Open,,Not Called,None,
Estrela Events,089550 25675,,https://www.google.com/maps/place/Estrela+Events/data=!4m7!3m6!1s0x396db57ce89e8e47:0xa8f4f191245f2488!8m2!3d26.8946172!4d75.7475313!16s%2Fg%2F11gtggm3mm!19sChIJR46e6Hy1bTkRiCRfJJHx9Kg?authuser=0&hl=en&rclk=1,5.0,28,Event planner,Open,,· Closes 11:30 pm,,Not Called,None,
Josh Entertainment Pvt. Ltd.,099280 80070,,https://www.google.com/maps/place/Josh+Entertainment+Pvt.+Ltd./data=!4m7!3m6!1s0x396db36e2911fb4f:0xff805631d6dedce!8m2!3d26.9430936!4d75.7540408!16s%2Fg%2F11byckf4g1!19sChIJT_sRKW6zbTkRzu1tHWMF-A8?authuser=0&hl=en&rclk=1,4.9,55,Event management company,Open,,· Closes 8 pm,,Not Called,None,
Gokul Event- event decoration in jaipur,095871 29135,https://gokulevent.lovable.app/,https://www.google.com/maps/place/Gokul+Event-+event+decoration+in+jaipur/data=!4m7!3m6!1s0x396c4dd7ed5f66ed:0xb78735685de06a7a!8m2!3d26.9615697!4d75.7060258!16s%2Fg%2F11z369j5cq!19sChIJ7WZf7ddNbDkRemrgXWg1h7c?authuser=0&hl=en&rclk=1,5.0,17,Wedding planner,·,,Open 24 hours,,Not Called,None,
Aashirvaad Events,088906 75192,https://aashirvaadevents.com/,https://www.google.com/maps/place/Aashirvaad+Events/data=!4m7!3m6!1s0x396db3bbcd7b0219:0x2ce01ae997fa9cb!8m2!3d26.9429415!4d75.7507081!16s%2Fg%2F11xcrpnsyj!19sChIJGQJ7zbuzbTkRy6l_ma4BzgI?authuser=0&hl=en&rclk=1,5.0,14,Event planner,·,,Open,,Not Called,None,
Ravmek Weddings & Events,098288 44990,https://ravmek.com/,https://www.google.com/maps/place/Ravmek+Weddings+%26+Events/data=!4m7!3m6!1s0x396db3f72ec62ddd:0x77dd0994c8378d5c!8m2!3d26.954502!4d75.747146!16s%2Fg%2F1tj449g8!19sChIJ3S3GLvezbTkRXI03yJQJ3Xc?authuser=0&hl=en&rclk=1,4.8,15,Wedding planner,·,,Open,,Not Called,None,
The Unique decoration and events,096600 85158,,https://www.google.com/maps/place/The+Unique+decoration+and+events/data=!4m7!3m6!1s0x396db3274469c64d:0x36c6b400a0caa6aa!8m2!3d26.9610339!4d75.7384137!16s%2Fg%2F11sk9r_7xt!19sChIJTcZpRCezbTkRqqbKoAC0xjY?authuser=0&hl=en&rclk=1,5.0,19,Event planner,Open 24 hours,,,,Not Called,None,
ShaadifyMe | Destination Wedding Planner,095099 16899,https://shaadify.me/,https://www.google.com/maps/place/ShaadifyMe+%7C+Destination+Wedding+Planner/data=!4m7!3m6!1s0xac0861c8c4c0b455:0x2f13737f8564e16!8m2!3d26.9545816!4d75.7471107!16s%2Fg%2F11svsbj9zb!19sChIJVbTAxMhhCKwRFk5W-Dc38QI?authuser=0&hl=en&rclk=1,4.9,16,Event planner,·,,Open,,Not Called,None,
Jaipur party planner,093542 30212,https://jaipurpartyplanner.in/,https://www.google.com/maps/place/Jaipur+party+planner/data=!4m7!3m6!1s0x396db3e4498bd76d:0x51c07cf3dd4db17a!8m2!3d26.9688069!4d75.7440398!16s%2Fg%2F11xlbx08td!19sChIJbdeLSeSzbTkRerFN3fN8wFE?authuser=0&hl=en&rclk=1,4.9,28,Event planner,·,,Open 24 hours,,Not Called,None,
EventDost - Wedding Planner & Event Management,073729 85576,http://eventdost.in/,https://www.google.com/maps/place/EventDost+-+Wedding+Planner+%26+Event+Management/data=!4m7!3m6!1s0x396db3dbd680e6a9:0xcb37b2e346b79f39!8m2!3d26.9519656!4d75.7535266!16s%2Fg%2F11zgcw7dcp!19sChIJqeaA1tuzbTkROZ-3RuOyN8s?authuser=0&hl=en&rclk=1,4.8,9,Wedding planner,·,,Open 24 hours,,Not Called,None,
Best Anchor in India- Ankit Khandelwal | Top Wedding & Corporate Anchor,098878 71984,http://www.anchorankit.com/,https://www.google.com/maps/place/Best+Anchor+in+India-+Ankit+Khandelwal+%7C+Top+Wedding+%26+Corporate+Anchor/data=!4m7!3m6!1s0x396db3143e55a4d7:0x495ec3a419ed92f6!8m2!3d26.9407747!4d75.7414749!16s%2Fg%2F11gcxz8xwl!19sChIJ16RVPhSzbTkR9pLtGaTDXkk?authuser=0&hl=en&rclk=1,5.0,1584,Event planner,"Rukmani villa plot no.60 krishna nagar, officer Enclave,near kanta jhotwara",,Open 24 hours,,Not Called,None,
Shree Shyam SFX Events Sound & Wedding Planner,,,https://www.google.com/maps/place/Shree+Shyam+SFX+Events+Sound+%26+Wedding+Planner/data=!4m7!3m6!1s0x396db3d6a069e741:0x17d25a936c48f0b8!8m2!3d26.9619581!4d75.7451641!16s%2Fg%2F11yq56sv0j!19sChIJQedpoNazbTkRuPBIbJNa0hc?authuser=0&hl=en&rclk=1,5.0,2,Wedding planner,Open 24 hours,,,,Not Called,None,
SIROHIYA EVENTS,082332 61608,,https://www.google.com/maps/place/SIROHIYA+EVENTS/data=!4m7!3m6!1s0x396db314eb7c32db:0x1271e1725f8c23a!8m2!3d26.9380221!4d75.7412995!16s%2Fg%2F11c4b6rm4l!19sChIJ2zJ86xSzbTkROsL4JRceJwE?authuser=0&hl=en&rclk=1,5.0,16,Event management company,Open 24 hours,,,,Not Called,None,
"Myra Events- Wedding Planner in Jaipur, Event Organizers, Destination Wedding Planner, Event Management Company in Jaipur",098280 12830,,"https://www.google.com/maps/place/Myra+Events-+Wedding+Planner+in+Jaipur,+Event+Organizers,+Destination+Wedding+Planner,+Event+Management+Company+in+Jaipur/data=!4m7!3m6!1s0x396c4d49171cd5f9:0xe9451e81a79adfe3!8m2!3d26.9399485!4d75.7567573!16s%2Fg%2F11tbz4gj_k!19sChIJ-dUcF0lNbDkR49-ap4EeRek?authuser=0&hl=en&rclk=1",5.0,1,Event planner,Open,,· Closes 8 pm,,Not Called,None,
Sawariya Ballon Decoration,083060 11457,https://www.sawariyaballoondecoration.com/,https://www.google.com/maps/place/Sawariya+Ballon+Decoration/data=!4m7!3m6!1s0x396db3e53cefc455:0xba9267a5dcff6a1e!8m2!3d26.9450082!4d75.7455578!16s%2Fg%2F11zcwzkl5b!19sChIJVcTvPOWzbTkRHmr_3KVnkro?authuser=0&hl=en&rclk=1,5.0,7,Event management company,·,,Open 24 hours,,Not Called,None,
Pooja Sound Jaipur,,,https://www.google.com/maps/place/Pooja+Sound+Jaipur/data=!4m7!3m6!1s0x396db307f7b7b6a3:0x5d41ac911c7dcb3!8m2!3d26.9563465!4d75.7415371!16s%2Fg%2F11y_z_7328!19sChIJo7a39wezbTkRs9zHEcka1AU?authuser=0&hl=en&rclk=1,5.0,12,Event planner,,,,,Not Called,None,
Jaipur Event Management,099286 86346,http://jaipureventmanagement.com/,https://www.google.com/maps/place/Jaipur+Event+Management/data=!4m7!3m6!1s0x396db327f069368b:0xa2049bdc0d2f08dc!8m2!3d26.9651708!4d75.724437!16s%2Fg%2F11pq93ptsd!19sChIJizZp8CezbTkR3AgvDdybBKI?authuser=0&hl=en&rclk=1,4.0,5,Event management company,·,,Open 24 hours,,Not Called,None,
ROYAL 🌹FLOWER 🌹DECORATION & Event Management Company,094626 65232,https://mybillbook.in/store/royal_flowers_events,https://www.google.com/maps/place/ROYAL+%F0%9F%8C%B9FLOWER+%F0%9F%8C%B9DECORATION+%26+Event+Management+Company/data=!4m7!3m6!1s0x396db38e47b92ed7:0xa2068d8a06cbfaf6!8m2!3d26.9726485!4d75.7508384!16s%2Fg%2F11tsnwqq_h!19sChIJ1y65R46zbTkR9vrLBoqNBqI?authuser=0&hl=en&rclk=1,4.9,79,Wedding planner,·,,Open,,Not Called,None,
crafthub,070231 91656,https://www.instagram.com/crafthub.in?igsh=MTJ3bDI3cG4wcDA1bQ==,https://www.google.com/maps/place/crafthub/data=!4m7!3m6!1s0x396db3c5dceee02d:0xff2642439cb8abfa!8m2!3d26.943383!4d75.760584!16s%2Fg%2F11fj7p210x!19sChIJLeDu3MWzbTkR-qu4nENCJv8?authuser=0&hl=en&rclk=1,4.8,138,Event planner,·,,Open,,Not Called,None,
Balloon decoration wala Jaipur pankaj,,,https://www.google.com/maps/place/Balloon+decoration+wala+Jaipur+pankaj/data=!4m7!3m6!1s0x396db302d5864dc9:0xb643885bc64b04fb!8m2!3d26.9380316!4d75.7365993!16s%2Fg%2F11z1kf8y04!19sChIJyU2G1QKzbTkR-wRLxluIQ7Y?authuser=0&hl=en&rclk=1,5.0,13,Event management company,,,,,Not Called,None,
Riva Holidays & Events,083870 20275,http://www.rivaholidays.com/,https://www.google.com/maps/place/Riva+Holidays+%26+Events/data=!4m7!3m6!1s0x396db31c23285521:0x4ed4823896e4a213!8m2!3d26.9433697!4d75.7615516!16s%2Fg%2F11hzs2v2tl!19sChIJIVUoIxyzbTkRE6LkljiC1E4?authuser=0&hl=en&rclk=1,4.8,47,Tour agency,·,,Open 24 hours,,Not Called,None,
Rood Mahal,077429 83214,https://www.roodmahal.com/,https://www.google.com/maps/place/Rood+Mahal/data=!4m7!3m6!1s0x396db338de66f9b7:0xc362c4fb6fa4896f!8m2!3d26.9377594!4d75.7304604!16s%2Fg%2F11hbt05twz!19sChIJt_lm3jizbTkRb4mkb_vEYsM?authuser=0&hl=en&rclk=1,4.4,939,Wedding venue,"Suraj Vihar, 200 Feet Bypass, Kalwar Rd",,Open 24 hours,,Not Called,None,
The Smart Events: Best Wedding Planner,063677 93126,https://thesmartevents.com/,https://www.google.com/maps/place/The+Smart+Events:+Best+Wedding+Planner/data=!4m7!3m6!1s0x47d16ed1af798275:0x5212413f1e509022!8m2!3d26.9087126!4d75.7149537!16s%2Fg%2F11ltmbxh3h!19sChIJdYJ5r9Fu0UcRIpBQHj9BElI?authuser=0&hl=en&rclk=1,5.0,2,Event management company,·,,Open,,Not Called,None,
Shree Shyam Events,086194 26347,,https://www.google.com/maps/place/Shree+Shyam+Events/data=!4m7!3m6!1s0x396c4d24c58c22db:0xebffa4786399bd81!8m2!3d26.976387!4d75.7458816!16s%2Fg%2F11wxszn3p6!19sChIJ2yKMxSRNbDkRgb2ZY3ik_-s?authuser=0&hl=en&rclk=1,5.0,4,Event planner,Open 24 hours,,,,Not Called,None,
Deepaz Events,095714 15998,https://sites.google.com/view/deepaz-event/home,https://www.google.com/maps/place/Deepaz+Event%27s/data=!4m7!3m6!1s0x396db36b55f23d9b:0x6d73232dbf34ba35!8m2!3d26.9617577!4d75.7241357!16s%2Fg%2F11ltl8377h!19sChIJmz3yVWuzbTkRNbo0vy0jc20?authuser=0&hl=en&rclk=1,5.0,7,Wedding planner,·,,Open,,Not Called,None,
"The Royal House Food, Catering & Event Management",083025 59992,,"https://www.google.com/maps/place/The+Royal+House+Food,+Catering+%26+Event+Management/data=!4m7!3m6!1s0x396db3b7c30f4797:0xfbb5db2e69877aa4!8m2!3d26.9559302!4d75.7427232!16s%2Fg%2F11py_pm8w4!19sChIJl0cPw7ezbTkRpHqHaS7btfs?authuser=0&hl=en&rclk=1",4.5,57,Event management company,,,,,Not Called,None,
Legacy Hotels (MICE & Events Company),095098 53411,,https://www.google.com/maps/place/Legacy+Hotels+%28MICE+%26+Events+Company%29/data=!4m7!3m6!1s0x396db3546a8ef7ef:0x7f1bff71e47bf452!8m2!3d26.9698482!4d75.7497245!16s%2Fg%2F11v9yq7cc4!19sChIJ7_eOalSzbTkRUvR75HH_G38?authuser=0&hl=en&rclk=1,5.0,11,Event management company,Open,,· Closes 7 pm,,Not Called,None,
Swadvik Events,091169 52021,https://swadvik-events.grexa.site/,https://www.google.com/maps/place/Swadvik+Events/data=!4m7!3m6!1s0x396db3ac9c547f43:0xac6638cfa092a6cb!8m2!3d26.9359544!4d75.7506772!16s%2Fg%2F11r99605x3!19sChIJQ39UnKyzbTkRy6aSoM84Zqw?authuser=0&hl=en&rclk=1,4.0,4,Wedding planner,,,Open 24 hours,,Not Called,None,
Punsumi Farms - The Prettiest Venue for Premium Weddings & Parties!,082901 69999,http://lawns.punsumi.com/,https://www.google.com/maps/place/Punsumi+Farms+-+The+Prettiest+Venue+for+Premium+Weddings+%26+Parties!/data=!4m7!3m6!1s0x396db327d77a627d:0x80ea67d15e1704f7!8m2!3d26.9629561!4d75.7294267!16s%2Fg%2F11kbn3b7sz!19sChIJfWJ61yezbTkR9wQXXtFn6oA?authuser=0&hl=en&rclk=1,4.8,76,Wedding venue,"88/345, Niwaru Rd",,Open,,Not Called,None,
Sunrise Events & Entertainment,092511 11121,,https://www.google.com/maps/place/Sunrise+Events+%26+Entertainment/data=!4m7!3m6!1s0x396db3f1a981a0ed:0x12a70b8f7c0674ff!8m2!3d26.9459198!4d75.7644312!16s%2Fg%2F11pz32p83p!19sChIJ7aCBqfGzbTkR_3QGfI8LpxI?authuser=0&hl=en&rclk=1,4.3,6,Event management company,Open,,· Closes 6 pm,,Not Called,None,
Winbee Events & Entertainments,063789 24273,https://www.winbeevents.com/,https://www.google.com/maps/place/Winbee+Events+%26+Entertainments/data=!4m7!3m6!1s0xa71bafae50b38bf1:0x469c84765155464c!8m2!3d26.9416908!4d75.7624866!16s%2Fg%2F11m5skjt75!19sChIJ8YuzUK6vG6cRTEZVUXaEnEY?authuser=0&hl=en&rclk=1,5.0,8,Event planner,·,,Open,,Not Called,None,
Dream Elevators,070143 88544,,https://www.google.com/maps/place/Dream+Elevators/data=!4m7!3m6!1s0x396db3e997b8f427:0xe8d67cf3c4e45a82!8m2!3d26.9437562!4d75.7550853!16s%2Fg%2F11h41vbg_f!19sChIJJ_S4l-mzbTkRglrkxPN81ug?authuser=0&hl=en&rclk=1,5.0,12,Event management company,Open,,· Closes 9 pm,,Not Called,None,
Tricolor Eventz,095498 15815,,https://www.google.com/maps/place/Tricolor+Eventz/data=!4m7!3m6!1s0x396db5d77a3515a7:0x8ab3f31b42c225ba!8m2!3d26.9401038!4d75.7353564!16s%2Fg%2F11fkq8d6rx!19sChIJpxU1ete1bTkRuiXCQhvzs4o?authuser=0&hl=en&rclk=1,4.0,12,Event planner,Open,,· Closes 8:30 pm,,Not Called,None,
Khedi tent and event,070627 25959,,https://www.google.com/maps/place/Khedi+tent+and+event/data=!4m7!3m6!1s0x396db383f9b0c11f:0x8e49e122b9284a47!8m2!3d26.9457732!4d75.7512043!16s%2Fg%2F11wql7tnhn!19sChIJH8Gw-YOzbTkRR0oouSLhSY4?authuser=0&hl=en&rclk=1,4.0,8,Wedding service,Open,,· Closes 5 pm,,Not Called,None,
Yagh Paradise,,,https://www.google.com/maps/place/Yagh+Paradise/data=!4m7!3m6!1s0x396db2d93704c605:0xcf6377633b1fbefd!8m2!3d26.962085!4d75.7311107!16s%2Fg%2F11csrdk9tq!19sChIJBcYEN9mybTkR_b4fO2N3Y88?authuser=0&hl=en&rclk=1,4.1,805,Wedding service,Open,,· Closes 12 am,,Not Called,None,
Pratap Paradise,096601 00997,http://pratappradisemarriagegarden.com/,https://www.google.com/maps/place/Pratap+Paradise/data=!4m7!3m6!1s0x396db2dff4869779:0xbab8ee36ca1ca0c9!8m2!3d26.954401!4d75.7332746!16s%2Fg%2F11c2bpb8x8!19sChIJeZeG9N-ybTkRyaAcyjbuuLo?authuser=0&hl=en&rclk=1,4.1,718,Wedding venue,·,,Open,,Not Called,None,
Veer Hanuman Tent and Events,086964 41076,https://www.instagram.com/veer.hanuman.events?igsh=cWdqbW93bnBseTB4,https://www.google.com/maps/place/Veer+Hanuman+Tent+and+Events/data=!4m7!3m6!1s0x396db3a5fa1953ef:0xba6bb728f702a9f9!8m2!3d26.9392373!4d75.762109!16s%2Fg%2F11xgl9sn0w!19sChIJ71MZ-qWzbTkR-akC9yi3a7o?authuser=0&hl=en&rclk=1,5.0,17,Tent House Supplier,·,,Open,,Not Called,None,
Dreamy Weddings And Events,095889 85521,https://dreamyweddingsandevents.com/,https://www.google.com/maps/place/Dreamy+Weddings+And+Events/data=!4m7!3m6!1s0x86d2be29d3cd27cd:0xe3827c8ab4e758fe!8m2!3d21.0680074!4d82.7525294!16s%2Fg%2F11w59y7wyy!19sChIJzSfN0ym-0oYR_ljntIp8guM?authuser=0&hl=en&rclk=1,5.0,131,Event management company,,,Open,,Not Called,None,
INDIAN DESTINATION WEDDING,072970 08995,,https://www.google.com/maps/place/INDIAN+DESTINATION+WEDDING/data=!4m7!3m6!1s0x396db33120982cf1:0xa1f3acf3fd06ea94!8m2!3d26.9706964!4d75.7178853!16s%2Fg%2F11rwpp7hyd!19sChIJ8SyYIDGzbTkRlOoG_fOs86E?authuser=0&hl=en&rclk=1,5.0,1,Wedding planner,Open,,· Closes 5:30 pm,,Not Called,None,
SHREE EVENTS,097827 48748,,https://www.google.com/maps/place/SHREE+EVENT%27S/data=!4m7!3m6!1s0x396db3a3099922ab:0x1e5ccbcccab3ca1c!8m2!3d26.9864051!4d75.7404242!16s%2Fg%2F11gjxttl67!19sChIJqyKZCaOzbTkRHMqzyszLXB4?authuser=0&hl=en&rclk=1,5.0,7,Event management company,Open,,· Closes 9 pm,,Not Called,None,
Shree Shyam Heat And Cool Flow,095302 51971,,https://www.google.com/maps/place/Shree+Shyam+Heat+And+Cool+Flow/data=!4m7!3m6!1s0x396db3f2daf81381:0x94621260137cc648!8m2!3d26.9760067!4d75.7471463!16s%2Fg%2F11sbs09c4f!19sChIJgRP42vKzbTkRSMZ8E2ASYpQ?authuser=0&hl=en&rclk=1,5.0,3,Event planner,Open 24 hours,,,,Not Called,None,
Balloon bazar Jaipur,088298 14820,https://www.google.com/aclk?sa=L&ai=DChsSEwjOl67ryPyVAxWiwjwCHVssHZwYACICCAEQBRoCc2Y&co=1&ase=2&gclid=CjwKCAjwj7HTBhBiEiwA8s35OjTQB2CwGhOWf8rJA20tbcrmbQOch73QRerNvHj2Q_YgH4UZih9hqhoC8hMQAvD_BwE&cid=CAAS0wHkaCPonO0SaS-9U1dXGv1dfk1qLvlDcHUkmrOCfNcnqtmDBhEzQAlq7g1zLDm1xPk289IjFRe-ViqBBTTnE5irflYmuWFeRuWCJ67UVwUm5lgzsY06XQw5JW1MNhs-ih_QpAcNW070RIEZ7TYkPqvVib6PmaF6v_7PAry_4wHSgAqN4DTr2ha5shaqrFgSQ7UOutbwcpVQjOhEhXF5vR6EvT2kUHlFeVQuiBs1C-kLcyI9E4__z0yMm_eWhTsU6dIdwJjDDlE50gnRFRvA6ynM-49X&cce=2&category=acrcp_v1_32&sig=AOD64_3dLLRdKsJD6P7vwPfVQHN6tGKqyA&adurl&q&ctype=99&nis=6,https://www.google.com/maps/place/Balloon+bazar+Jaipur/data=!4m7!3m6!1s0x396db353e8fbd309:0x7618a624388b19f9!8m2!3d26.944346!4d75.743749!16s%2Fg%2F11xsn70k3d!19sChIJCdP76FOzbTkR-RmLOCSmGHY?authuser=0&hl=en&rclk=1,4.9,69,Balloon artist,Open 24 hours,,·,,Not Called,None,
Siyaram Marriage Garden,098875 03009,,https://www.google.com/maps/place/Siyaram+Marriage+Garden/data=!4m7!3m6!1s0x396db33951e803e5:0xd867d78cbb395b57!8m2!3d26.9394827!4d75.7305653!16s%2Fg%2F11f55prgv4!19sChIJ5QPoUTmzbTkRV1s5u4zXZ9g?authuser=0&hl=en&rclk=1,4.5,724,Banquet hall,Open,,· Closes 9 pm,,Not Called,None,
The Party Company,063674 33693,,https://www.google.com/maps/place/The+Party+Company/data=!4m7!3m6!1s0x396db5ddd3bb7b5d:0xc70f8fe748645ed9!8m2!3d26.8499082!4d75.7689307!16s%2Fg%2F11z12jwfhl!19sChIJXXu70921bTkR2V5kSOePD8c?authuser=0&hl=en&rclk=1,5.0,11,Event management company,Open 24 hours,,,,Not Called,None,
JMD EVENTS PLANNER,,https://jmdeventplanner.com/,https://www.google.com/maps/place/JMD+EVENT%27S+PLANNER/data=!4m7!3m6!1s0x396db5d47d03e7b5:0x50a49d6a693486ea!8m2!3d26.8406457!4d75.7511509!16s%2Fg%2F11yjv92jhq!19sChIJtecDfdS1bTkR6oY0aWqdpFA?authuser=0&hl=en&rclk=1,5.0,22,Event planner,,,Open,,Not Called,None,
Jagriti Marriage Garden,098292 60712,,https://www.google.com/maps/place/Jagriti+Marriage+Garden/data=!4m7!3m6!1s0x396db33fcb71c375:0x3d3ce87543eb24a0!8m2!3d26.939135!4d75.736622!16s%2Fg%2F11dxjybpgk!19sChIJdcNxyz-zbTkRoCTrQ3XoPD0?authuser=0&hl=en&rclk=1,4.0,559,Banquet hall,Open 24 hours,,,,Not Called,None,
velventvows event planer,,,https://www.google.com/maps/place/velventvows+event+planer/data=!4m7!3m6!1s0x396db30b26c39819:0x2ad027553ac5a129!8m2!3d26.9576699!4d75.7705587!16s%2Fg%2F11xdvfjljf!19sChIJGZjDJguzbTkRKaHFOlUn0Co?authuser=0&hl=en&rclk=1,5.0,7,Event planner,Open 24 hours,,,,Not Called,None,
Prabhat Paradise,098299 32402,https://www.instagram.com/prabhat_paradise?igsh=YXI3Njh5amd1OWpq&utm_source=qr,https://www.google.com/maps/place/Prabhat+Paradise/data=!4m7!3m6!1s0x396db327d5ce0503:0xbbbaff05326d96c1!8m2!3d26.955795!4d75.7256953!16s%2Fg%2F11c2jw6db4!19sChIJAwXO1SezbTkRwZZtMgX_urs?authuser=0&hl=en&rclk=1,4.2,441,Event venue,"Shree Hukma Ram Nagar, Saini Marg, Kalwar Rd",,,,Not Called,None,
Jai Veeru Decoration & Events,,https://jaiveeruevents.com/,https://www.google.com/maps/place/Jai+Veeru+Decoration+%26+Events/data=!4m7!3m6!1s0x396db56f8e29722d:0xb8d55bd0931217d4!8m2!3d26.858104!4d75.7577981!16s%2Fg%2F11nk8tmgpz!19sChIJLXIpjm-1bTkR1BcSk9Bb1bg?authuser=0&hl=en&rclk=1,5.0,2,Event planner,"Ward No. - 27, 67/66",,Open 24 hours,,Not Called,None,
Gold Star Paradise,070141 99242,,https://www.google.com/maps/place/Gold+Star+Paradise/data=!4m7!3m6!1s0x396db30097fdedf5:0xbf98522e568030eb!8m2!3d26.951287!4d75.745572!16s%2Fg%2F11h1km00pr!19sChIJ9e39lwCzbTkR6zCAVi5SmL8?authuser=0&hl=en&rclk=1,4.2,332,Wedding venue,Open,,· Closes 10 pm,,Not Called,None,
Kanchan Deep Marriage Garden,,,https://www.google.com/maps/place/Kanchan+Deep+Marriage+Garden/data=!4m7!3m6!1s0x396db3c19c8c2117:0xbf43bed78a72b33b!8m2!3d26.9433985!4d75.7437526!16s%2Fg%2F11j0050r3q!19sChIJFyGMnMGzbTkRO7Nyite-Q78?authuser=0&hl=en&rclk=1,4.3,133,Wedding venue,,,,,Not Called,None,
Anchor Singer Abhishek Bhardwaj · Visited link,093077 98672,https://abhiswaram.com/,https://www.google.com/maps/place/Anchor+Singer+Abhishek+Bhardwaj/data=!4m7!3m6!1s0x396db3ea545a8c0f:0xae3e06b72e873b20!8m2!3d26.943891!4d75.7620827!16s%2Fg%2F11mspcjj1k!19sChIJD4xaVOqzbTkRIDuHLrcGPq4?authuser=0&hl=en&rclk=1,5.0,10,Entertainer,·,,Open,,Not Called,None,
Dibiaa- Experts in Cardboard Jewellery Boxes for Retail & Online Silver Jewellery Brands,099106 90691,http://www.dibiaa.com/,https://www.google.com/maps/place/Dibiaa-+Experts+in+Cardboard+Jewellery+Boxes+for+Retail+%26+Online+Silver+Jewellery+Brands/data=!4m7!3m6!1s0x396db6adbe0a7c29:0x202502fdfc747108!8m2!3d26.9549254!4d75.748676!16s%2Fg%2F1tr7b6gs!19sChIJKXwKvq22bTkRCHF0_P0CJSA?authuser=0&hl=en&rclk=1,4.9,227,Packaging company,"Plot no. 80, Road no. 6, Shalimar Circle",,Open,,Not Called,None,
Krishna Paradise Marriage Garden,076100 80000,http://krishnaparadise.com/,https://www.google.com/maps/place/Krishna+Paradise+Marriage+Garden/data=!4m7!3m6!1s0x396db2e9b475dda3:0xcb10fe80bea41ef8!8m2!3d26.9735519!4d75.7385263!16s%2Fg%2F11c5zngn9m!19sChIJo911tOmybTkR-B6kvoD-EMs?authuser=0&hl=en&rclk=1,4.4,1013,Banquet hall,Open,,· Closes 7:30 pm,,Not Called,None,
Godara marriage Garden,,,https://www.google.com/maps/place/Godara+marriage+Garden/data=!4m7!3m6!1s0x396db36af377e6fd:0xcda686063f5a4da!8m2!3d26.9384664!4d75.7593725!16s%2Fg%2F11k9g_nrpp!19sChIJ_eZ382qzbTkR2qT1Y2Bo2gw?authuser=0&hl=en&rclk=1,4.3,120,Wedding venue,,,,,Not Called,None,
Shree Shyam Paradise,085618 60319,,https://www.google.com/maps/place/Shree+Shyam+Paradise/data=!4m7!3m6!1s0x396db3bdd135ca35:0xd810c264d78d5a22!8m2!3d26.9655654!4d75.749924!16s%2Fg%2F11rtwnn63r!19sChIJNco10b2zbTkRIlqN12TCENg?authuser=0&hl=en&rclk=1,4.3,62,Wedding venue,Open,,· Closes 8 pm,,Not Called,None,
SHRI BALAJI BAGH MARRIAGE GARDEN,097852 98314,,https://www.google.com/maps/place/SHRI+BALAJI+BAGH+MARRIAGE+GARDEN/data=!4m7!3m6!1s0x396db32d9be8451d:0xa9232084fafdc40b!8m2!3d26.9385043!4d75.7274542!16s%2Fg%2F11f6mq5yg5!19sChIJHUXomy2zbTkRC8T9-oQgI6k?authuser=0&hl=en&rclk=1,4.2,321,Banquet hall,Open,,· Closes 9 pm,,Not Called,None,
Sultan House Garden,093145 03959,,https://www.google.com/maps/place/Sultan+House+Garden/data=!4m7!3m6!1s0x396db32153b9c8b3:0x9f3ff5a4469d5eb0!8m2!3d26.9529776!4d75.7316911!16s%2Fg%2F11b7htkrs6!19sChIJs8i5UyGzbTkRsF6dRqT1P58?authuser=0&hl=en&rclk=1,4.1,853,Wedding venue,Open 24 hours,,,,Not Called,None,
Alka Music Point & Video Movie & Events,093142 50970,,https://www.google.com/maps/place/Alka+Music+Point+%26+Video+Movie+%26+Events/data=!4m7!3m6!1s0x396db3124ae8fff9:0x898220fcd510f5fb!8m2!3d26.9408331!4d75.7458251!16s%2Fg%2F11bxc40s_s!19sChIJ-f_oShKzbTkR-_UQ1fwggok?authuser=0&hl=en&rclk=1,4.1,14,Event planner,Open,,· Closes 8 pm,,Not Called,None,
Moon Paradise And Guest House,092140 60800,,https://www.google.com/maps/place/Moon+Paradise+And+Guest+House/data=!4m7!3m6!1s0x396db38b7b199aa5:0x5f2368c59b233e4c!8m2!3d26.9619259!4d75.7206548!16s%2Fg%2F11fjs8yp1z!19sChIJpZoZe4uzbTkRTD4jm8VoI18?authuser=0&hl=en&rclk=1,4.4,885,Hotel,,,,,Not Called,None,
Parwati Sound,093141 66469,,https://www.google.com/maps/place/Parwati+Sound/data=!4m7!3m6!1s0x396db317e7ed02c1:0x5b660c0a92cb587f!8m2!3d26.9446405!4d75.7574544!16s%2Fg%2F11sdvxnprl!19sChIJwQLt5xezbTkRf1jLkgoMZls?authuser=0&hl=en&rclk=1,5.0,6,Event management company,Open,,· Closes 9 pm,,Not Called,None,
N.R Paradise,082331 01417,,https://www.google.com/maps/place/N.R+Paradise/data=!4m7!3m6!1s0x396db2969da3f0b1:0x5367cb0ec195700!8m2!3d26.9881789!4d75.7408696!16s%2Fg%2F1q4kn4h_v!19sChIJsfCjnZaybTkRAFcZ7LB8NgU?authuser=0&hl=en&rclk=1,4.1,518,Wedding venue,Open 24 hours,,,,Not Called,None,
Arraygraphs Production,096800 46943,http://www.arraygraphs.com/,https://www.google.com/maps/place/Arraygraphs+Production/data=!4m7!3m6!1s0x396db3000d5fcb03:0x38235bb2a750ff95!8m2!3d26.9601024!4d75.7239113!16s%2Fg%2F11lcr4xsts!19sChIJA8tfDQCzbTkRlf9Qp7JbIzg?authuser=0&hl=en&rclk=1,5.0,26,Event management company,·,,Open,,Not Called,None,
MonaArts Studio,098281 52596,,https://www.google.com/maps/place/MonaArts+Studio/data=!4m7!3m6!1s0x396db33ff888a0df:0x306f5d79d4ad1635!8m2!3d26.9394851!4d75.7369237!16s%2Fg%2F11b7qdwm10!19sChIJ36CI-D-zbTkRNRat1HldbzA?authuser=0&hl=en&rclk=1,4.9,246,Photography studio,Open,,· Closes 8:30 pm,,Not Called,None,
"Dhirawat Paradise, Dhiravat Paradise",099294 85381,,"https://www.google.com/maps/place/Dhirawat+Paradise,+Dhiravat+Paradise/data=!4m7!3m6!1s0x396db3916f9708d9:0x172c9fe8d8946d1d!8m2!3d26.9716998!4d75.7401612!16s%2Fg%2F11dfh57vvl!19sChIJ2QiXb5GzbTkRHW2U2OifLBc?authuser=0&hl=en&rclk=1",4.0,142,Wedding venue,Open,,· Closes 6 pm,,Not Called,None,
Shanti Marriage Garden,099503 24588,,https://www.google.com/maps/place/Shanti+Marriage+Garden/data=!4m7!3m6!1s0x396db33c2a2b7c43:0x53f82b461fcd4d79!8m2!3d26.9415953!4d75.733867!16s%2Fg%2F11clsrnvp_!19sChIJQ3wrKjyzbTkReU3NH0Yr-FM?authuser=0&hl=en&rclk=1,4.2,941,Wedding venue,,,,,Not Called,None,
Chandoliya Marriage garden,083849 61013,,https://www.google.com/maps/place/Chandoliya+Marriage+garden/data=!4m7!3m6!1s0x396db351ebbb3f9f:0x66631822de22cd65!8m2!3d26.9379618!4d75.7376414!16s%2Fg%2F11hdwymdr8!19sChIJnz-761GzbTkRZc0i3iIYY2Y?authuser=0&hl=en&rclk=1,4.0,127,Event venue,Open,,· Closes 8 pm,,Not Called,None,
Bhavya Tent and Events,090240 79276,,https://www.google.com/maps/place/Bhavya+Tent+and+Events/data=!4m7!3m6!1s0x396db3001d73b7d9:0xd91ced5375b7b12!8m2!3d26.9420663!4d75.7193549!16s%2Fg%2F11x954rmw_!19sChIJ2bdzHQCzbTkREntbN9XOkQ0?authuser=0&hl=en&rclk=1,5.0,3,Event management company,Open,,· Closes 8 pm,,Not Called,None,
Shri Ram Marriage Garden,099836 91546,,https://www.google.com/maps/place/Shri+Ram+Marriage+Garden/data=!4m7!3m6!1s0x396db3552ce74595:0xaca567d21af9b634!8m2!3d26.9609869!4d75.7275729!16s%2Fg%2F11dzt5v0v3!19sChIJlUXnLFWzbTkRNLb5GtJnpaw?authuser=0&hl=en&rclk=1,4.1,322,Event venue,Open,,· Closes 8 pm,,Not Called,None,
Global Craft Events,,https://www.globalcraftevents.com/,https://www.google.com/maps/place/Global+Craft+Events/data=!4m7!3m6!1s0x4ad22d14a96d924d:0xf4df2be8d78f035c!8m2!3d26.8852108!4d75.7905578!16s%2Fg%2F11lv7j55n5!19sChIJTZJtqRQt0koRXAOP1-gr3_Q?authuser=0&hl=en&rclk=1,5.0,2,Wedding planner,,,Open,,Not Called,None,
Sarover Marriage Garden,,,https://www.google.com/maps/place/Sarover+Marriage+Garden/data=!4m7!3m6!1s0x396db36d5cf1d197:0x835e95596d6b9f5f!8m2!3d26.9349148!4d75.7482148!16s%2Fg%2F1pp2vg8s1!19sChIJl9HxXG2zbTkRX59rbVmVXoM?authuser=0&hl=en&rclk=1,4.2,461,Wedding venue,,,,,Not Called,None,
Bharat Tent Manufacturers,081048 41784,http://www.bharattentmanu.com/,https://www.google.com/maps/place/Bharat+Tent+Manufacturers/data=!4m7!3m6!1s0x396db334a5a1b9ad:0xa01ed071a30d61c!8m2!3d26.9449834!4d75.7487449!16s%2Fg%2F11b7q1k8k3!19sChIJrbmhpTSzbTkRHNYwGgftAQo?authuser=0&hl=en&rclk=1,4.7,109,Tent House Supplier,·,,Open,,Not Called,None,
REX AUDIOS ( Event organiser) specialist in live sound artist and musician cordinator..,076270 18658,http://www.musicboomrecords.com/,https://www.google.com/maps/place/REX+AUDIOS+%28+Event+organiser%29+specialist+in+live+sound+artist+and+musician+cordinator../data=!4m7!3m6!1s0x396db3846fc34353:0xa551cfe2b485c809!8m2!3d26.9405923!4d75.7433266!16s%2Fg%2F11vcl33n52!19sChIJU0PDb4SzbTkRCciFtOLPUaU?authuser=0&hl=en&rclk=1,5.0,12,Event planner,·,,Open,,Not Called,None,
jaipur pictures studio,077909 00979,,https://www.google.com/maps/place/jaipur+pictures+studio/data=!4m7!3m6!1s0x396db35629ba6ffd:0xa2315f58a745ff58!8m2!3d26.962708!4d75.7248863!16s%2Fg%2F11y46x3ljp!19sChIJ_W-6KVazbTkRWP9Fp1hfMaI?authuser=0&hl=en&rclk=1,5.0,30,Event management company,Open 24 hours,,,,Not Called,None,
WEDDINGS ACROSS,098281 18300,http://weddingsacross.com/,https://www.google.com/maps/place/WEDDINGS+ACROSS/data=!4m7!3m6!1s0x396db401dd6bcb55:0xb6816d5f97907c65!8m2!3d26.8950357!4d75.8209939!16s%2Fg%2F11c31v212m!19sChIJVctr3QG0bTkRZXyQl19tgbY?authuser=0&hl=en&rclk=1,4.4,14,Wedding planner,·,,Open,,Not Called,None,
Shree Govindam Caterers - Best Catering Service in Jaipur Since 1996*,078771 71690,,https://www.google.com/maps/place/Shree+Govindam+Caterers+-+Best+Catering+Service+in+Jaipur+Since+1996*/data=!4m7!3m6!1s0x396db3208270ac5f:0x46466e6681e386a5!8m2!3d26.9388512!4d75.7543876!16s%2Fg%2F11jlzfcnpr!19sChIJX6xwgiCzbTkRpYbjgWZuRkY?authuser=0&hl=en&rclk=1,4.9,25,Catering food and drink supplier,Open,,· Closes 9 pm,,Not Called,None,
HCG - House of Cakes and Gifts/ Cake Delivery / Birthday Cake shop near me / Designer Birthday Cake /Online Cake Order,082397 88681,,https://www.google.com/maps/place/HCG+-+House+of+Cakes+and+Gifts%2F+Cake+Delivery+%2F+Birthday+Cake+shop+near+me+%2F+Designer+Birthday+Cake+%2FOnline+Cake+Order/data=!4m7!3m6!1s0x396db36058ac8479:0x25abaad0ae4e8c42!8m2!3d26.9684076!4d75.7279603!16s%2Fg%2F11jjpg2vym!19sChIJeYSsWGCzbTkRQoxOrtCqqyU?authuser=0&hl=en&rclk=1,5.0,86,Event planner,Open 24 hours,,,,Not Called,None,
AV Events,099291 51392,https://www.instagram.com/av_event_jaipur?igsh=MTJ2bDA4YXo5OXFodA==,https://www.google.com/maps/place/AV+Events/data=!4m7!3m6!1s0x396db4920b1413a5:0xa61d56b31e3339aa!8m2!3d26.8975727!4d75.7425775!16s%2Fg%2F11v5_4x73_!19sChIJpRMUC5K0bTkRqjkzHrNWHaY?authuser=0&hl=en&rclk=1,5.0,5,Event management company,·,,Open,,Not Called,None,
Jaipur Party Decor,,https://www.instagram.com/jaipur_party_decor/,https://www.google.com/maps/place/Jaipur+Party+Decor/data=!4m7!3m6!1s0x396db39ffea71545:0xad7057fb55dc1f6f!8m2!3d26.9456137!4d75.7332674!16s%2Fg%2F11w_lfb6l6!19sChIJRRWn_p-zbTkRbx_cVftXcK0?authuser=0&hl=en&rclk=1,5.0,2,Event planner,,,,,Not Called,None,
Mg events,,,https://www.google.com/maps/place/Mg+events/data=!4m7!3m6!1s0x396db3a6bcac69eb:0x5714c41574ed8766!8m2!3d26.9443465!4d75.7437486!16s%2Fg%2F11tcf9ldbw!19sChIJ62msvKazbTkRZoftdBXEFFc?authuser=0&hl=en&rclk=1,4.9,9,Event management company,,,,,Not Called,None,
Eleventh Street Production House Pvt. Ltd.,088905 59649,,https://www.google.com/maps/place/Eleventh+Street+Production+House+Pvt.+Ltd./data=!4m7!3m6!1s0x396db33ce3ea77ab:0xd83fe4fc877d7292!8m2!3d26.9445603!4d75.7436296!16s%2Fg%2F11rxyk7fnd!19sChIJq3fq4zyzbTkRknJ9h_zkP9g?authuser=0&hl=en&rclk=1,4.5,4,Event planner,Open,,· Closes 5 pm,,Not Called,None,
Vivah Milan Wedding Planner,,,https://www.google.com/maps/place/Vivah+Milan+Wedding+Planner/data=!4m7!3m6!1s0x396db5022d83688d:0x431d9ad10e6bcace!8m2!3d26.8574467!4d75.7531495!16s%2Fg%2F11fl40p53r!19sChIJjWiDLQK1bTkRzsprDtGaHUM?authuser=0&hl=en&rclk=1,4.2,5,Wedding planner,Open 24 hours,,,,Not Called,None,
Prem Kunj Event Garden,093145 05803,,https://www.google.com/maps/place/Prem+Kunj+Event+Garden/data=!4m7!3m6!1s0x396db24cc4451d75:0x678b818a8e4f8d89!8m2!3d26.9642735!4d75.77619!16s%2Fg%2F11c2k7qppy!19sChIJdR1FxEyybTkRiY1PjoqBi2c?authuser=0&hl=en&rclk=1,4.1,339,Event venue,Open 24 hours,,,,Not Called,None,
Balloon decoration Jaipur,095719 69627,https://www.instagram.com/balloon_decoration_jaipur1?igsh=MTdndTJvMTZ6ZGg3ag==,https://www.google.com/maps/place/Balloon+decoration+Jaipur/data=!4m7!3m6!1s0x396db5914efa3fb5:0xd50a6c0fc06ea16f!8m2!3d26.8509173!4d75.7654868!16s%2Fg%2F11xvsgwy4f!19sChIJtT_6TpG1bTkRb6FuwA9sCtU?authuser=0&hl=en&rclk=1,4.9,83,Event planner,,,Open 24 hours,,Not Called,None,
Rhythm Sound & Events,,,https://www.google.com/maps/place/Rhythm+Sound+%26+Events/data=!4m7!3m6!1s0x396db3a365198c73:0x6edf63cdb97ca843!8m2!3d26.9371636!4d75.7375338!16s%2Fg%2F11h78zp5mb!19sChIJc4wZZaOzbTkRQ6h8uc1j324?authuser=0&hl=en&rclk=1,4.0,3,Event planner,Open,,· Closes 10 pm,,Not Called,None,
Abhi events,,,https://www.google.com/maps/place/Abhi+events/data=!4m7!3m6!1s0x396db38f0de3e391:0x8e7927cd6f7bc523!8m2!3d26.9545943!4d75.7455944!16s%2Fg%2F11z61txlln!19sChIJkePjDY-zbTkRI8V7b80neY4?authuser=0&hl=en&rclk=1,,,Wedding planner,Open,,· Closes 11 pm,,Not Called,None,
Shubharaambh event,063769 81207,,https://www.google.com/maps/place/Shubharaambh+event/data=!4m7!3m6!1s0x396db34eddf83ea9:0x4d8060ad7133a4a3!8m2!3d26.9545943!4d75.7455944!16s%2Fg%2F11yvrx12fj!19sChIJqT743U6zbTkRo6Qzca1ggE0?authuser=0&hl=en&rclk=1,,,Event planner,Open 24 hours,,,,Not Called,None,
HONEY EVENTS,096806 66606,,https://www.google.com/maps/place/HONEY+EVENTS/data=!4m7!3m6!1s0x396db7621756febf:0x7e8e06d1af05b727!8m2!3d26.8917617!4d75.8339222!16s%2Fg%2F11h77w_k95!19sChIJv_5WF2K3bTkRJ7cFr9EGjn4?authuser=0&hl=en&rclk=1,3.9,170,Wedding planner,,,,,Not Called,None,
Saini Marriage Garden,095092 65663,,https://www.google.com/maps/place/Saini+Marriage+Garden/data=!4m7!3m6!1s0x396db3149d172e4d:0x7377f02cbcb6ddc8!8m2!3d26.9385508!4d75.7431883!16s%2Fg%2F11c2l1sqr6!19sChIJTS4XnRSzbTkRyN22vCzwd3M?authuser=0&hl=en&rclk=1,3.8,181,Banquet hall,Open 24 hours,,,,Not Called,None,
"The White Orchard Best Farm House on Kalwar Road Jaipur | Wedding Venue | Birthday party, Bachelor party, Anniversary party",,,"https://www.google.com/maps/place/The+White+Orchard+Best+Farm+House+on+Kalwar+Road+Jaipur+%7C+Wedding+Venue+%7C+Birthday+party,+Bachelor+party,+Anniversary+party/data=!4m7!3m6!1s0x396db34d8cafae1b:0xb12e7a2d099c0663!8m2!3d26.9418869!4d75.7306841!16s%2Fg%2F11khjzh7j_!19sChIJG66vjE2zbTkRYwacCS16LrE?authuser=0&hl=en&rclk=1",4.5,58,Farmstay,,,,,Not Called,None,
Ganga Event Services,,,https://www.google.com/maps/place/Ganga+Event+Services/data=!4m7!3m6!1s0x396db2d9820b10c9:0x80705f433515ea69!8m2!3d26.9618404!4d75.7279991!16s%2Fg%2F11bxd83vl5!19sChIJyRALgtmybTkRaeoVNUNfcIA?authuser=0&hl=en&rclk=1,4.2,624,Wedding venue,Open 24 hours,,,,Not Called,None,
Nice Food Caterers & Banquet Hall,098280 14963,https://nicefoodcaterers.com/,https://www.google.com/maps/place/Nice+Food+Caterers+%26+Banquet+Hall/data=!4m7!3m6!1s0x396db34743f05291:0xfb582a2778fd7af2!8m2!3d26.9340634!4d75.73029!16s%2Fg%2F11c6tscw3_!19sChIJkVLwQ0ezbTkR8nr9eCcqWPs?authuser=0&hl=en&rclk=1,4.2,555,Banquet hall,Open 24 hours,,,,Not Called,None,
TIME PASS CAFE,091161 49059,https://timepasscafe.netlify.app/,https://www.google.com/maps/place/TIME+PASS+CAFE/data=!4m7!3m6!1s0x396db35a7c1356f3:0x56d6f7c4dcd92c48!8m2!3d26.9388135!4d75.743362!16s%2Fg%2F11tsjs6qh1!19sChIJ81YTfFqzbTkRSCzZ3MT31lY?authuser=0&hl=en&rclk=1,4.8,616,Cafe,Open,,· Closes 10 pm,,Not Called,None,
Shree Govindam Paradise,063771 63744,https://www.facebook.com/Govindam2018/,https://www.google.com/maps/place/Shree+Govindam+Paradise/data=!4m7!3m6!1s0x396db37c7032e955:0x17e268841685ba62!8m2!3d26.9599826!4d75.7196262!16s%2Fg%2F11h35n_ssg!19sChIJVekycHyzbTkRYrqFFoRo4hc?authuser=0&hl=en&rclk=1,4.6,203,Event venue,Open,,· Closes 8 pm,,Not Called,None,
Drink and Design | Best Bartender | Premium Counters | Bartending Service in Jaipur,,,https://www.google.com/maps/place/Drink+and+Design+%7C+Best+Bartender+%7C+Premium+Counters+%7C+Bartending+Service+in+Jaipur/data=!4m7!3m6!1s0x396c4de64ba2f261:0xedc87efa95a096c6!8m2!3d26.9112474!4d75.6438503!16s%2Fg%2F11xsqcvqzh!19sChIJYfKiS-ZNbDkRxpaglfp-yO0?authuser=0&hl=en&rclk=1,4.9,34,Event planner,Open 24 hours,,,,Not Called,None,
Anandoham Restaurant & Banquet,083060 45417,https://anandohamrestaurant.com/,https://www.google.com/maps/place/Anandoham+Restaurant+%26+Banquet/data=!4m7!3m6!1s0x396db362d5ebe0a1:0x21833b77997cd053!8m2!3d26.9435283!4d75.7488978!16s%2Fg%2F11sfh4lpyz!19sChIJoeDr1WKzbTkRU9B8mXc7gyE?authuser=0&hl=en&rclk=1,4.9,811,Vegetarian,Open,,· Closes 11 pm,,Not Called,None,
Bandhan Paradise,098295 59767,,https://www.google.com/maps/place/Bandhan+Paradise/data=!4m7!3m6!1s0x396db30052e56f2d:0x55b9b27f9b3f4857!8m2!3d26.959049!4d75.7302289!16s%2Fg%2F11m6jycbk5!19sChIJLW_lUgCzbTkRV0g_m3-yuVU?authuser=0&hl=en&rclk=1,5.0,163,Wedding venue,,,,,Not Called,None,
P. R. Farm,099208 82482,,https://www.google.com/maps/place/P.+R.+Farm/data=!4m7!3m6!1s0x396db3b80993d933:0x47f0335b6a6f4ae8!8m2!3d26.9586802!4d75.7186415!16s%2Fg%2F11rtqz8dgm!19sChIJM9mTCbizbTkR6Epvalsz8Ec?authuser=0&hl=en&rclk=1,4.6,47,Banquet hall,Open,,· Closes 10 pm,,Not Called,None,
saini vivha sthal,099283 78230,,https://www.google.com/maps/place/saini+vivha+sthal/data=!4m7!3m6!1s0x396db3149d1110bb:0x4e57ac59ecaa924e!8m2!3d26.9384616!4d75.7428848!16s%2Fg%2F11c6dbsnj0!19sChIJuxARnRSzbTkRTpKq7FmsV04?authuser=0&hl=en&rclk=1,4.3,273,Event venue,Open,,· Closes 5 pm,,Not Called,None,
Balaji Marriage Garden,,,https://www.google.com/maps/place/Balaji+Marriage+Garden/data=!4m7!3m6!1s0x396db2ddf349ec05:0x6b115097a36dc285!8m2!3d26.9660103!4d75.7366991!16s%2Fg%2F11c5qs_jkt!19sChIJBexJ892ybTkRhcJto5dQEWs?authuser=0&hl=en&rclk=1,4.0,78,Event venue,Open,,· Closes 5 pm,,Not Called,None,
Maha laxmi paradise,093145 20794,,https://www.google.com/maps/place/Maha+laxmi+paradise/data=!4m7!3m6!1s0x396c4d33232f1a13:0x9b56b498f780a817!8m2!3d26.9710152!4d75.7129086!16s%2Fg%2F11clvdtn88!19sChIJExovIzNNbDkRF6iA95i0Vps?authuser=0&hl=en&rclk=1,4.3,539,Wedding venue,Open,,· Closes 8 pm,,Not Called,None,
Prabhu Roop Vilas Marriage Garden,,,https://www.google.com/maps/place/Prabhu+Roop+Vilas+Marriage+Garden/data=!4m7!3m6!1s0x396c4cd8591c4633:0xa178a4647f557857!8m2!3d26.9531328!4d75.6994442!16s%2Fg%2F11bxjrxrh3!19sChIJM0YcWdhMbDkRV3hVf2SkeKE?authuser=0&hl=en&rclk=1,4.2,574,Event venue,Open 24 hours,,,,Not Called,None,
Fateh Nivas Marriage Garden,093148 98889,,https://www.google.com/maps/place/Fateh+Nivas+Marriage+Garden/data=!4m7!3m6!1s0x396db30ac862080b:0x2cb479a298aab17e!8m2!3d26.9393847!4d75.7588897!16s%2Fg%2F1s04wqx_m!19sChIJCwhiyAqzbTkRfrGqmKJ5tCw?authuser=0&hl=en&rclk=1,4.2,129,Wedding venue,Open,,· Closes 9 pm,,Not Called,None,
✅𝗝𝗮𝗶 𝗦𝗶𝘆𝗮𝗿𝗮𝗺 𝗠𝗮𝗿𝗿𝗶𝗮𝗴𝗲 𝗚𝗮𝗿𝗱𝗲𝗻 - Banquet Hall/Anniversary Party/Birthday Party/Destination Wedding Venue/Resort in Jhotwara,093525 41403,,https://www.google.com/maps/place/%E2%9C%85%F0%9D%97%9D%F0%9D%97%AE%F0%9D%97%B6+%F0%9D%97%A6%F0%9D%97%B6%F0%9D%98%86%F0%9D%97%AE%F0%9D%97%BF%F0%9D%97%AE%F0%9D%97%BA+%F0%9D%97%A0%F0%9D%97%AE%F0%9D%97%BF%F0%9D%97%BF%F0%9D%97%B6%F0%9D%97%AE%F0%9D%97%B4%F0%9D%97%B2+%F0%9D%97%9A%F0%9D%97%AE%F0%9D%97%BF%F0%9D%97%B1%F0%9D%97%B2%F0%9D%97%BB+-+Banquet+Hall%2FAnniversary+Party%2FBirthday+Party%2FDestination+Wedding+Venue%2FResort+in+Jhotwara/data=!4m7!3m6!1s0x396c4d6bdc17d1a7:0x8f5cff54ae47c5b5!8m2!3d26.9818624!4d75.6864675!16s%2Fg%2F11cjnp05n7!19sChIJp9EX3GtNbDkRtcVHrlT_XI8?authuser=0&hl=en&rclk=1,4.4,490,Wedding venue,Open,,· Closes 10 pm,,Not Called,None,
Shree Rajlaxmi Heavens,096102 24222,"http://shreerajlaxmi.com/,%20shreerajlaxmi.co.in",https://www.google.com/maps/place/Shree+Rajlaxmi+Heaven%27s/data=!4m10!3m9!1s0x396c4d6bd1d09263:0x23f4a2d48d1841a!5m2!4m1!1i2!8m2!3d26.981638!4d75.6873018!16s%2Fg%2F11c1wr5j_c!19sChIJY5LQ0WtNbDkRGoTRSC1KPwI?authuser=0&hl=en&rclk=1,4.5,1436,Wedding venue,,,,,Not Called,None,
Rani Bagh Marriage Garden,098281 59551,,https://www.google.com/maps/place/Rani+Bagh+Marriage+Garden/data=!4m7!3m6!1s0x396db293bc2d3db3:0xc0fe2ceeb7e50287!8m2!3d26.986344!4d75.744547!16s%2Fg%2F1q4kndr2m!19sChIJsz0tvJOybTkRhwLlt-4s_sA?authuser=0&hl=en&rclk=1,4.2,861,Wedding venue,Open 24 hours,,,,Not Called,None,
Bansals Occasion Solution,091665 16601,,https://www.google.com/maps/place/Bansal%27s+Occasion+Solution/data=!4m7!3m6!1s0x396c4d1dc928f6a9:0x47ba5fd6b9f868fb!8m2!3d26.9557699!4d75.6836554!16s%2Fg%2F11f2s0ff89!19sChIJqfYoyR1NbDkR-2j4udZfukc?authuser=0&hl=en&rclk=1,4.9,18,Event planner,Open 24 hours,,,,Not Called,None,
Shubham Marriage Garden,096363 19998,,https://www.google.com/maps/place/Shubham+Marriage+Garden/data=!4m7!3m6!1s0x396c4d2e936606a5:0x8954834a4822319d!8m2!3d26.9629336!4d75.706608!16s%2Fg%2F11d_2k_b97!19sChIJpQZmky5NbDkRnTEiSEqDVIk?authuser=0&hl=en&rclk=1,4.1,241,Banquet hall,Open,,· Closes 8 pm,,Not Called,None,
AV Photography & Events,,,https://www.google.com/maps/place/AV+Photography+%26+Events/data=!4m7!3m6!1s0x396db30002180891:0x44409599e6021a77!8m2!3d26.9428483!4d75.717565!16s%2Fg%2F11zcwy7xj5!19sChIJkQgYAgCzbTkRdxoC5pmVQEQ?authuser=0&hl=en&rclk=1,5.0,4,Wedding planner,Open 24 hours,,,,Not Called,None,
KK EVENTS DJ SOUND,,https://www.instagram.com/official__kush.k?igsh=MWVwYmpkYnZrMzlyaA==,https://www.google.com/maps/place/KK+EVENTS+DJ+SOUND/data=!4m7!3m6!1s0x396db399027d6db3:0x9684f7097e4a4eef!8m2!3d26.9457799!4d75.753615!16s%2Fg%2F11ntdf5zhl!19sChIJs219ApmzbTkR705Kfgn3hJY?authuser=0&hl=en&rclk=1,5.0,7,DJ service,Open 24 hours,,,,Not Called,None,
SG Banquet hall Jaipur,077373 28669,,https://www.google.com/maps/place/SG+Banquet+hall+Jaipur/data=!4m7!3m6!1s0x396db3fa9d201545:0x5c69f15ad9bfe0c5!8m2!3d26.9418714!4d75.7220468!16s%2Fg%2F11ymdkhs_m!19sChIJRRUgnfqzbTkRxeC_2VrxaVw?authuser=0&hl=en&rclk=1,5.0,3,Banquet hall,Open,,· Closes 9:15 pm,,Not Called,None,
Kalyan Farms,073397 46543,,https://www.google.com/maps/place/Kalyan+Farms/data=!4m7!3m6!1s0x396c4d77f6ee45ad:0xd61f935c44fc1abc!8m2!3d26.9372921!4d75.7136067!16s%2Fg%2F11fpnn0h82!19sChIJrUXu9ndNbDkRvBr8RFyTH9Y?authuser=0&hl=en&rclk=1,4.1,69,Banquet hall,,,,,Not Called,None,
Night Out Family Restaurant,097856 43217,,https://www.google.com/maps/place/Night+Out+Family+Restaurant/data=!4m7!3m6!1s0x396db38ba412f613:0x5b7ba0a94543de89!8m2!3d26.96148!4d75.73098!16s%2Fg%2F11mbtj4fqm!19sChIJE_YSpIuzbTkRid5DRamge1s?authuser=0&hl=en&rclk=1,4.7,67,Restaurant,Open 24 hours,,,,Not Called,None,
Pink City Tent And Event Management,098280 39229,,https://www.google.com/maps/place/Pink+City+Tent+And+Event+Management/data=!4m7!3m6!1s0x396db2e24ed4c131:0x7d1dd0f13ee9f9df!8m2!3d26.9619901!4d75.7447847!16s%2Fg%2F11s7r0wjh8!19sChIJMcHUTuKybTkR3_npPvHQHX0?authuser=0&hl=en&rclk=1,5.0,2,Event planner,Open,,· Closes 7 pm,,Not Called,None,
KARNI UDHYAAN MARRIAGE GARDEN,093148 80740,,https://www.google.com/maps/place/KARNI+UDHYAAN+MARRIAGE+GARDEN/data=!4m7!3m6!1s0x396db36d5c7287a1:0x4dfb2355574575fe!8m2!3d26.9358099!4d75.748235!16s%2Fg%2F11g6_2j42y!19sChIJoYdyXG2zbTkR_nVFV1Uj-00?authuser=0&hl=en&rclk=1,4.2,111,Event venue,Open,,· Closes 6 pm,,Not Called,None,
Om Marriage Garden,099298 34685,,https://www.google.com/maps/place/Om+Marriage+Garden/data=!4m7!3m6!1s0x396db2cd749a099d:0x8f0b012723dfc423!8m2!3d26.9696012!4d75.7164775!16s%2Fg%2F1ydpvbbhh!19sChIJnQmadM2ybTkRI8TfIycBC48?authuser=0&hl=en&rclk=1,3.8,59,Wedding venue,Open,,· Closes 9 pm,,Not Called,None,
Paintball lovers Jaipur,095301 63873,https://paintballlovers.in/,https://www.google.com/maps/place/Paintball+lovers+Jaipur/data=!4m7!3m6!1s0x396db314efd6b32f:0x87ae11ca2fa883cf!8m2!3d26.9384506!4d75.7269519!16s%2Fg%2F11fsmbnrlg!19sChIJL7PW7xSzbTkRz4OoL8oRroc?authuser=0&hl=en&rclk=1,4.8,518,Paintball center,Open,,· Closes 10 pm,,Not Called,None,
"Regenta Central, Jaipur",0141 716 5100,https://regentarewards.com/hotel/regenta-central-jaipur,"https://www.google.com/maps/place/Regenta+Central,+Jaipur/data=!4m10!3m9!1s0x396db311fe059979:0x257ba9c7f11115ac!5m2!4m1!1i2!8m2!3d26.9428592!4d75.7488025!16s%2Fg%2F11c3w8c7th!19sChIJeZkF_hGzbTkRrBUR8cepeyU?authuser=0&hl=en&rclk=1",4.0,3423,4-star hotel,,,,,Not Called,None,
Utsav Garden,080588 09541,,https://www.google.com/maps/place/Utsav+Garden/data=!4m7!3m6!1s0x396db2fc9bf203a3:0x793869ad47a90289!8m2!3d26.9658547!4d75.7506325!16s%2Fg%2F12m9jzqgd!19sChIJowPym_yybTkRiQKpR61pOHk?authuser=0&hl=en&rclk=1,4.1,337,Banquet hall,,,,,Not Called,None,
Radha Govind Villas marriage Garden,096944 00551,,https://www.google.com/maps/place/Radha+Govind+Villas+marriage+Garden/data=!4m7!3m6!1s0x396db2fa97bf3551:0x7bbaf4be021f11d2!8m2!3d26.9660193!4d75.7450878!16s%2Fg%2F11gfj54lw5!19sChIJUTW_l_qybTkR0hEfAr70uns?authuser=0&hl=en&rclk=1,4.2,437,Banquet hall,Open 24 hours,,,,Not Called,None,
Shree Rooplaxmis Castle,098290 15292,https://www.instagram.com/shreerooplaxmiscastle?igsh=MWNmaXp3b3R4eDRubg==,https://www.google.com/maps/place/Shree+Rooplaxmi%27s+Castle/data=!4m7!3m6!1s0x396c4d42c9774539:0x32c0f1c60bf15cae!8m2!3d26.977475!4d75.6949954!16s%2Fg%2F11jkcg0d9w!19sChIJOUV3yUJNbDkRrlzxC8bxwDI?authuser=0&hl=en&rclk=1,4.4,1171,Resort hotel,,,,,Not Called,None,
Narayan Palace,,,https://www.google.com/maps/place/Narayan+Palace/data=!4m7!3m6!1s0x396c4d2aa01c96bb:0x70f4c1be7af21ffe!8m2!3d26.9548681!4d75.695668!16s%2Fg%2F11smmdyk5b!19sChIJu5YcoCpNbDkR_h_yer7B9HA?authuser=0&hl=en&rclk=1,4.3,57,Wedding venue,Open 24 hours,,,,Not Called,None,
Janki Paradise Marriage Garden,,,https://www.google.com/maps/place/Janki+Paradise+Marriage+Garden/data=!4m7!3m6!1s0x396db4a3d7c905f5:0xe0742551cf3e5373!8m2!3d26.9065975!4d75.7336652!16s%2Fg%2F11c5_3v66b!19sChIJ9QXJ16O0bTkRc1M-z1EldOA?authuser=0&hl=en&rclk=1,4.2,629,Banquet hall,Open 24 hours,,,,Not Called,None,
Padmini Heritage - A Wedding Destination,070734 17791,https://www.oyorooms.com/224387/,https://www.google.com/maps/place/Padmini+Heritage+-+A+Wedding+Destination/data=!4m10!3m9!1s0x396db36a97b563ad:0xe51f671ed383c0f4!5m2!4m1!1i2!8m2!3d26.9344803!4d75.7380704!16s%2Fg%2F11bt_gnvqh!19sChIJrWO1l2qzbTkR9MCD0x5nH-U?authuser=0&hl=en&rclk=1,4.2,394,Group accommodation,,,,,Not Called,None,
Rukma marriage Garden,077422 07355,,https://www.google.com/maps/place/Rukma+marriage+Garden/data=!4m7!3m6!1s0x396db318bb9c3f97:0x6a5596eeab51b193!8m2!3d26.9460243!4d75.7568771!16s%2Fg%2F11h8gpm_t7!19sChIJlz-cuxizbTkRk7FRq-6WVWo?authuser=0&hl=en&rclk=1,3.9,71,Wedding venue,,,,,Not Called,None,
VIBHA PALACE,090017 94070,,https://www.google.com/maps/place/VIBHA+PALACE/data=!4m10!3m9!1s0x396db3093b10f83f:0xa52860fb9ac8a616!5m2!4m1!1i2!8m2!3d26.9340221!4d75.7400853!16s%2Fg%2F11shcyvgkq!19sChIJP_gQOwmzbTkRFqbImvtgKKU?authuser=0&hl=en&rclk=1,4.6,105,Hotel,,,,,Not Called,None,
Awadh marriage palace,,,https://www.google.com/maps/place/Awadh+marriage+palace/data=!4m7!3m6!1s0x396db33f569d8099:0x79b5561c0470943d!8m2!3d26.9356386!4d75.7314837!16s%2Fg%2F11bxb9qmcm!19sChIJmYCdVj-zbTkRPZRwBBxWtXk?authuser=0&hl=en&rclk=1,4.1,685,Banquet hall,Open,,· Closes 5 pm,,Not Called,None,
Om Shiv Marriage Garden,,,https://www.google.com/maps/place/Om+Shiv+Marriage+Garden/data=!4m7!3m6!1s0x396db33e278c0601:0x307cf7a7893efd96!8m2!3d26.9395482!4d75.7370818!16s%2Fg%2F11f123vvy9!19sChIJAQaMJz6zbTkRlv0-iaf3fDA?authuser=0&hl=en&rclk=1,3.9,207,Banquet hall,,,,,Not Called,None,
Eklavya Sports Shooting Academy,099294 63559,http://www.eklavyashooting.in/,https://www.google.com/maps/place/Eklavya+Sports+Shooting+Academy/data=!4m7!3m6!1s0x396db36caba2f4e1:0xd73847f0771e84d2!8m2!3d26.9364629!4d75.743183!16s%2Fg%2F11ckkx6gky!19sChIJ4fSiq2yzbTkR0oQed_BHONc?authuser=0&hl=en&rclk=1,4.7,269,Shooting range,Open,,· Closes 6:30 pm,,Not Called,None,
Mallika Marriage Garden,092145 98467,,https://www.google.com/maps/place/Mallika+Marriage+Garden/data=!4m7!3m6!1s0x396db374f91dec5b:0xe837ad566c9ff2f7!8m2!3d26.9351807!4d75.7570172!16s%2Fg%2F11bttd43m_!19sChIJW-wd-XSzbTkR9_KfbFatN-g?authuser=0&hl=en&rclk=1,3.8,174,Wedding venue,Open 24 hours,,,,Not Called,None,
Marothiya Paradise,080790 00061,,https://www.google.com/maps/place/Marothiya+Paradise/data=!4m7!3m6!1s0x396db3785bfe12cd:0x9ea70acec9327f62!8m2!3d26.9521697!4d75.7279457!16s%2Fg%2F11rssl4xfg!19sChIJzRL-W3izbTkRYn8yyc4Kp54?authuser=0&hl=en&rclk=1,4.2,56,Community center,,,,,Not Called,None,
Hanuman Vatika Marriage Garden,,,https://www.google.com/maps/place/Hanuman+Vatika+Marriage+Garden/data=!4m7!3m6!1s0x396db3119de7cafd:0xda42d6eeb5be9f22!8m2!3d26.943544!4d75.7459508!16s%2Fg%2F11bzx8n26z!19sChIJ_crnnRGzbTkRIp--te7WQto?authuser=0&hl=en&rclk=1,3.8,250,Wedding venue,,,,,Not Called,None,
Namo Events mangment company,070148 92003,,https://www.google.com/maps/place/Namo+Event%27s+mangment+company%27/data=!4m7!3m6!1s0x396c4d2e85535d65:0x31b8c4f2721d0cbe!8m2!3d26.9434382!4d75.7100618!16s%2Fg%2F11wqdk_h94!19sChIJZV1ThS5NbDkRvgwdcvLEuDE?authuser=0&hl=en&rclk=1,5.0,2,Event management company,Closed,,· Opens 9 am Sat,,Not Called,None,
Tummy Talks,086963 44888,,https://www.google.com/maps/place/Tummy+Talks/data=!4m7!3m6!1s0x396db353d057eb33:0xcedd2bc09f4290e5!8m2!3d26.9579308!4d75.7392603!16s%2Fg%2F11gsmv6k8g!19sChIJM-tX0FOzbTkR5ZBCn8Ar3c4?authuser=0&hl=en&rclk=1,4.3,381,Vegetarian,Open,,· Closes 11 pm,,Not Called,None,
Royal Rajasthan Band And Event,077408 47510,,https://www.google.com/maps/place/Royal+Rajasthan+Band+And+Event/data=!4m7!3m6!1s0x396db293536e86f9:0x4e083907f3428b8e!8m2!3d26.9743465!4d75.7412599!16s%2Fg%2F11t6jspj92!19sChIJ-YZuU5OybTkRjotC8wc5CE4?authuser=0&hl=en&rclk=1,4.9,9,Band,Open,,· Closes 9 pm,,Not Called,None,
Geet Mahal - Place Of Royal Weddings,080009 32229,,https://www.google.com/maps/place/Geet+Mahal+-+Place+Of+Royal+Weddings/data=!4m7!3m6!1s0x396dadda30a2b627:0x6c96d0b45bef968!8m2!3d27.0664158!4d75.750325!16s%2Fg%2F11fsvkr1by!19sChIJJ7aiMNqtbTkRaPm-RQttyQY?authuser=0&hl=en&rclk=1,4.3,298,Wedding venue,Open 24 hours,,,,Not Called,None,
Pavitra Studio - Best Photographer In Jaipur | Wedding photographer in Jaipur,092140 09333,http://www.pavitrastudio.com/,https://www.google.com/maps/place/Pavitra+Studio+-+Best+Photographer+In+Jaipur+%7C+Wedding+photographer+in+Jaipur/data=!4m7!3m6!1s0x396db374d9f28f85:0x9a6d45b26ccb7f28!8m2!3d26.9406448!4d75.7638431!16s%2Fg%2F11c3vn6vmg!19sChIJhY_y2XSzbTkRKH_LbLJFbZo?authuser=0&hl=en&rclk=1,4.7,82,Wedding photographer,Open,,· Closes 8 pm,,Not Called,None,
AdMediaX - Best Digital Marketing Agency In Jaipur,098879 64016,https://admediax.in/,https://www.google.com/maps/place/AdMediaX+-+Best+Digital+Marketing+Agency+In+Jaipur/data=!4m7!3m6!1s0x396db30c4223c5f3:0x30ae88cf61214260!8m2!3d26.9249116!4d75.7040629!16s%2Fg%2F11x8l09d6n!19sChIJ88UjQgyzbTkRYEIhYc-IrjA?authuser=0&hl=en&rclk=1,4.7,22,Advertising agency,Open,,· Closes 7 pm,,Not Called,None,
Banquet Halls in Vaishali Nagar,011 4014 0811,https://weddingz.in/banquet-halls/jaipur/vaishali-nagar/?utm_source=Google_gmb&utm_medium=Organic&utm_campaign=LOC_Vaishali%20Nagar,https://www.google.com/maps/place/Banquet+Halls+in+Vaishali+Nagar/data=!4m7!3m6!1s0x396db5dc122dc747:0xfbc1c3704e6b6b41!8m2!3d26.9069156!4d75.719958!16s%2Fg%2F11lq38h951!19sChIJR8ctEty1bTkRQWtrTnDDwfs?authuser=0&hl=en&rclk=1,4.5,11,Banquet hall,Open,,· Closes 8 pm,,Not Called,None,
Aanand Niwas,,,https://www.google.com/maps/place/Aanand+Niwas/data=!4m7!3m6!1s0x396db3c9275f48e1:0x12f884285dea3ad6!8m2!3d26.945487!4d75.736021!16s%2Fg%2F11rss1d2qm!19sChIJ4UhfJ8mzbTkR1jrqXSiE-BI?authuser=0&hl=en&rclk=1,4.4,18,Wedding venue,,,,,Not Called,None,
DV Stadium,,,https://www.google.com/maps/place/DV+Stadium/data=!4m7!3m6!1s0x396db2fd2d6568d7:0x39adbdb4523a0d5a!8m2!3d26.9622917!4d75.7489072!16s%2Fg%2F11hcw4fdvw!19sChIJ12hlLf2ybTkRWg06UrS9rTk?authuser=0&hl=en&rclk=1,4.5,34,Stadium,,,,,Not Called,None,
Shree ram vatika marriage garden,,,https://www.google.com/maps/place/Shree+ram+vatika+marriage+garden/data=!4m7!3m6!1s0x396db3f2d14fe091:0x5819a2f7e79ecd8!8m2!3d26.9269482!4d75.7838671!16s%2Fg%2F11c0pr_h47!19sChIJkeBP0fKzbTkR2Ox5fi-agQU?authuser=0&hl=en&rclk=1,4.2,155,Wedding venue,,,,,Not Called,None,
"Hotel Isha Niwas , party venue, Kalwad road, jhotwara, jaipur",090242 50622,,"https://www.google.com/maps/place/Hotel+Isha+Niwas+,+party+venue,+Kalwad+road,+jhotwara,+jaipur/data=!4m7!3m6!1s0x396c4d940b569f9f:0x51ff5d0ffba32ef3!8m2!3d26.9508616!4d75.7128235!16s%2Fg%2F11gz8vc1_9!19sChIJn59WC5RNbDkR8y6j-w9d_1E?authuser=0&hl=en&rclk=1",4.6,176,Hotel,,,,,Not Called,None,
DJP Dance & Events,,,https://www.google.com/maps/place/DJP+Dance+%26+Events/data=!4m7!3m6!1s0x396db500398fb6b5:0xdf745a433ae17daa!8m2!3d26.8490841!4d75.764198!16s%2Fg%2F11x2qrq81h!19sChIJtbaPOQC1bTkRqn3hOkNadN8?authuser=0&hl=en&rclk=1,4.9,19,Event management company,Open 24 hours,,,,Not Called,None,
The Thar Brothers – Sufi & Live Wedding Band Jaipur,086194 84941,http://www.tharbrothersband.com/,https://www.google.com/maps/place/The+Thar+Brothers+%E2%80%93+Sufi+%26+Live+Wedding+Band+Jaipur/data=!4m7!3m6!1s0x396db33931c68647:0xd7f714ff45f198ed!8m2!3d26.9545574!4d75.7438178!16s%2Fg%2F11mr_hkfp1!19sChIJR4bGMTmzbTkR7ZjxRf8U99c?authuser=0&hl=en&rclk=1,4.9,58,Musical Band and Orchestra,,,,,Not Called,None,
Azora Venture Pvt. Ltd.,,https://www.azoraventure.com/,https://www.google.com/maps/place/Azora+Venture+Pvt.+Ltd./data=!4m7!3m6!1s0x396db566b8701721:0x6cc0c9d1bbc55b11!8m2!3d26.8521792!4d75.755451!16s%2Fg%2F11nbh3s7ys!19sChIJIRdwuGa1bTkREVvFu9HJwGw?authuser=0&hl=en&rclk=1,5.0,8,Event management company,Open,,· Closes 7 pm,,Not Called,None,
Jeet Dance Institute & Events,063771 56551,https://www.instagram.com/jeet_dance_institute_25?igsh=MW5tNng0cHY1Z2ttdg==,https://www.google.com/maps/place/Jeet+Dance+Institute+%26+Events/data=!4m7!3m6!1s0x396db572010938f9:0x6fd5b02afebfc71c!8m2!3d26.8493782!4d75.7534764!16s%2Fg%2F11h912jtkz!19sChIJ-TgJAXK1bTkRHMe__iqw1W8?authuser=0&hl=en&rclk=1,5.0,37,Dance school,Open,,· Closes 10 pm,,Not Called,None,
Friends Forever Cafe,080057 96780,https://youtube.com/@houseofmovementdancestudio288,https://www.google.com/maps/place/Friends+Forever+Cafe/data=!4m7!3m6!1s0x396db5e8e3afbd13:0xd540adda3f232159!8m2!3d26.8503801!4d75.7610501!16s%2Fg%2F11qmrzjngm!19sChIJE72v4-i1bTkRWSEjP9qtQNU?authuser=0&hl=en&rclk=1,4.8,15,Art studio,Open,,· Closes 11:30 pm,,Not Called,None,
Raj Ratan Marriage Garden,093149 80877,,https://www.google.com/maps/place/Raj+Ratan+Marriage+Garden/data=!4m7!3m6!1s0x396db5a0c5e510ef:0x6c36916db2e7def5!8m2!3d26.8510072!4d75.7613412!16s%2Fg%2F1tcxy6r8!19sChIJ7xDlxaC1bTkR9d7nsm2RNmw?authuser=0&hl=en&rclk=1,4.2,444,Wedding venue,Open,,· Closes 8:30 pm,,Not Called,None,
Hotel Shanti Palace Jaipur,080 6548 8300,https://www.shantihotelpalace.in/,https://www.google.com/maps/place/Hotel+Shanti+Palace+Jaipur/data=!4m7!3m6!1s0x396db3a762f19ab3:0x1dcbb5845411c41!8m2!3d26.9545943!4d75.7455944!16s%2Fg%2F11n56pt9sw!19sChIJs5rxYqezbTkRQRxBRVi73AE?authuser=0&hl=en&rclk=1,4.7,3,Hotel,,,,,Not Called,None,
N G Tent House & Event,070143 11156,,https://www.google.com/maps/place/N+G+Tent+House+%26+Event/data=!4m7!3m6!1s0x396db5ee1386f529:0xfa38d1f2ba62082d!8m2!3d26.8387546!4d75.7600035!16s%2Fg%2F11twfmp8hm!19sChIJKfWGE-61bTkRLQhiuvLROPo?authuser=0&hl=en&rclk=1,4.5,8,Event planner,Open,,· Closes 9 pm,,Not Called,None,
Hotel US Group,070146 82856,http://www.hotelusgroup.com/,https://www.google.com/maps/place/Hotel+US+Group/data=!4m10!3m9!1s0x396db3fd9022d539:0xef38405b3b640e07!5m2!4m1!1i2!8m2!3d26.9348003!4d75.7305226!16s%2Fg%2F11x1vr4x00!19sChIJOdUikP2zbTkRBw5kO1tAOO8?authuser=0&hl=en&rclk=1,4.9,169,Hotel,,,,,Not Called,None,
Club Biba Jaipur,089491 20867,"https://wa.me/918949120867?text=Hi,%20I%20want%20to%20know%20more",https://www.google.com/maps/place/Club+Biba+Jaipur/data=!4m7!3m6!1s0x396db3ca758f933f:0x689ff300e569ed81!8m2!3d26.9413037!4d75.7711245!16s%2Fg%2F11vkg519t1!19sChIJP5OPdcqzbTkRge1p5QDzn2g?authuser=0&hl=en&rclk=1,3.9,40,Club,Open,,· Closes 11 pm,,Not Called,None,
R S Tower,,,https://www.google.com/maps/place/R+S+Tower/data=!4m7!3m6!1s0x396c4d280e288c33:0x8e5e912c4944a4b9!8m2!3d26.950871!4d75.705407!16s%2Fg%2F11n5r_hbm9!19sChIJM4woDihNbDkRuaRESSyRXo4?authuser=0&hl=en&rclk=1,4.2,27,Market,Open now,,,,Not Called,None,
Janak Nandani Marriage Garden,070736 12971,,https://www.google.com/maps/place/Janak+Nandani+Marriage+Garden/data=!4m7!3m6!1s0x396db317d93e335f:0x944ec6eb7f9a9710!8m2!3d26.94544!4d75.7372853!16s%2Fg%2F1hm4rctdr!19sChIJXzM-2RezbTkREJeaf-vGTpQ?authuser=0&hl=en&rclk=1,3.9,196,Wedding venue,,,,,Not Called,None,
Maharaja India Tours and Events,096499 70001,http://www.maharajaindiatours.com/,https://www.google.com/maps/place/Maharaja+India+Tours+and+Events/data=!4m7!3m6!1s0x396db31f4bb9e183:0x4efae6fb64d4a927!8m2!3d26.9610872!4d75.7219676!16s%2Fg%2F11h_3zs_zn!19sChIJg-G5Sx-zbTkRJ6nUZPvm-k4?authuser=0&hl=en&rclk=1,4.8,10,Tour operator,Open,,· Closes 6 pm,,Not Called,None,
Teddy Club Jaipur,091999 99963,http://www.clubteddy.in/,https://www.google.com/maps/place/Teddy+Club+Jaipur/data=!4m7!3m6!1s0x396db50b10c3a1ef:0x8267bb05560cee1b!8m2!3d26.8913653!4d75.773307!16s%2Fg%2F11lw37_2w2!19sChIJ76HDEAu1bTkRG-4MVgW7Z4I?authuser=0&hl=en&rclk=1,4.5,716,Disco club,Open,,· Closes 1 am,,Not Called,None,
Any Time Dance & Events company,088246 90832,,https://www.google.com/maps/place/Any+Time+Dance+%26+Events+company/data=!4m7!3m6!1s0x396db3106da0bae3:0x5011e855c963309b!8m2!3d26.9701467!4d75.7237899!16s%2Fg%2F11t7k2shmx!19sChIJ47qgbRCzbTkRmzBjyVXoEVA?authuser=0&hl=en&rclk=1,4.9,34,Dance school,,,,,Not Called,None,
Top 1 balloon decoration | Haldi and Mehndi Decoration in Jaipur | Balloon Decoration in Jaipur,,https://www.top1balloondecoration.com/,https://www.google.com/maps/place/Top+1+balloon+decoration+%7C+Haldi+and+Mehndi+Decoration+in+Jaipur+%7C+Balloon+Decoration+in+Jaipur/data=!4m7!3m6!1s0x396db3239caebfff:0xa019439af898440d!8m2!3d26.9545943!4d75.7455944!16s%2Fg%2F11nr8tgm2p!19sChIJ_7-unCOzbTkRDUSY-JpDGaA?authuser=0&hl=en&rclk=1,5.0,5,Balloon artist,Open 24 hours,,,,Not Called,None,
Abhinandan Samudayik Kendra Shubhash Nagar,,,https://www.google.com/maps/place/Abhinandan+Samudayik+Kendra+Shubhash+Nagar/data=!4m7!3m6!1s0x396db3e8afc27409:0xad6833b2fd38372d!8m2!3d26.9366779!4d75.7945956!16s%2Fg%2F11ckqs1qf8!19sChIJCXTCr-izbTkRLTc4_bIzaK0?authuser=0&hl=en&rclk=1,4.1,815,Wedding venue,Open 24 hours,,,,Not Called,None,
Amazing Dance Group(ADG),093146 40515,,https://www.google.com/maps/place/Amazing+Dance+Group%28ADG%29/data=!4m7!3m6!1s0x396db31c138178f5:0xcb46b5cd6d07889d!8m2!3d26.9549004!4d75.7440983!16s%2Fg%2F11dyzkjq4b!19sChIJ9XiBExyzbTkRnYgHbc21Rss?authuser=0&hl=en&rclk=1,4.4,13,Dance hall,Open,,· Closes 9:15 pm,,Not Called,None,
Pink Heaven Waterpark and Resort,,,https://www.google.com/maps/place/Pink+Heaven+Waterpark+and+Resort/data=!4m7!3m6!1s0x396c4db461796a99:0x488df2220464558f!8m2!3d26.9685831!4d75.6519277!16s%2Fg%2F11sskjbc7y!19sChIJmWp5YbRNbDkRj1VkBCLyjUg?authuser=0&hl=en&rclk=1,4.6,481,Water park,Open,,· Closes 6 pm,,Not Called,None,
G S Tower,,,https://www.google.com/maps/place/G+S+Tower/data=!4m7!3m6!1s0x396db30db8147871:0x334b5bbffb71cb75!8m2!3d26.9455712!4d75.7349281!16s%2Fg%2F11lm2d3r6h!19sChIJcXgUuA2zbTkRdctx-79bSzM?authuser=0&hl=en&rclk=1,3.8,10,Community center,,,,,Not Called,None,
Hem Vatika Marriage Garden,,,https://www.google.com/maps/place/Hem+Vatika+Marriage+Garden/data=!4m7!3m6!1s0x396db3184fdb6e95:0xe1dc56fdb56414e7!8m2!3d26.9466837!4d75.7289593!16s%2Fg%2F11b7q0nvz8!19sChIJlW7bTxizbTkR5xRktf1W3OE?authuser=0&hl=en&rclk=1,4.1,224,Event venue,,,,,Not Called,None,
Balgram Day Care Center,063782 44639,,https://www.google.com/maps/place/Balgram+Day+Care+Center/data=!4m7!3m6!1s0x396db3a38f44c089:0xf210935765a763f8!8m2!3d26.943579!4d75.7420481!16s%2Fg%2F11fkqh4zp8!19sChIJicBEj6OzbTkR-GOnZVeTEPI?authuser=0&hl=en&rclk=1,5.0,34,Day care center,Open,,· Closes 8 pm,,Not Called,None,
Balawheels And Events,093145 02373,http://balawheels.com/,https://www.google.com/maps/place/Balawheels+And+Events/data=!4m7!3m6!1s0x396db3231b10c301:0x407ed055dc1c6a5e!8m2!3d26.9490551!4d75.7337498!16s%2Fg%2F11rhvvm696!19sChIJAcMQGyOzbTkRXmoc3FXQfkA?authuser=0&hl=en&rclk=1,2.6,10,Car rental agency,Open,,· Closes 7:30 pm,,Not Called,None,
Trophy Awards Gallery,097833 03262,,https://www.google.com/maps/place/Trophy+Awards+Gallery/data=!4m7!3m6!1s0x396db34f7012f7e1:0xed054418a435270d!8m2!3d26.947001!4d75.732572!16s%2Fg%2F11f9_z97n5!19sChIJ4fcScE-zbTkRDSc1pBhEBe0?authuser=0&hl=en&rclk=1,4.8,155,Trophy shop,Open,,· Closes 8 pm,,Not Called,None,
MAHATMA JYOTIBA PHOOLE (RETAIL SHOP) (Applicant Effected from New Jhotwara ROB),,,https://www.google.com/maps/place/MAHATMA+JYOTIBA+PHOOLE+%28RETAIL+SHOP%29+%28Applicant+Effected+from+New+Jhotwara+ROB%29/data=!4m7!3m6!1s0x396db368aaa387c3:0x3753eafe0207b87!8m2!3d26.9549602!4d75.7479855!16s%2Fg%2F11t16rb00p!19sChIJw4ejqmizbTkRh3sg4K8-dQM?authuser=0&hl=en&rclk=1,3.4,7,Community center,,,,,Not Called,None,
Kanishka decoration & Event planner,096020 29184,https://www.instagram.com/kanishkadecoration?igsh=eTRxcjAyYXlsNGtm,https://www.google.com/maps/place/Kanishka+decoration+%26+Event+planner/data=!4m7!3m6!1s0x396db392ef8f3e39:0x7fcab02755eca0fe!8m2!3d26.971555!4d75.742584!16s%2Fg%2F11y4492j17!19sChIJOT6P75KzbTkR_qDsVSewyn8?authuser=0&hl=en&rclk=1,4.9,23,Event management company,Open 24 hours,,·,,Not Called,None,
Bandhan Decoration Dj & Events,077938 17759,,https://www.google.com/maps/place/Bandhan+Decoration+Dj+%26+Events/data=!4m7!3m6!1s0x396db3002394ba37:0xbdea60f4a1f76934!8m2!3d26.9360664!4d75.7619141!16s%2Fg%2F11w9pxwy3g!19sChIJN7qUIwCzbTkRNGn3ofRg6r0?authuser=0&hl=en&rclk=1,5.0,14,Event management company,Open now,,,,Not Called,None,
New Deepaz Event Organiser,,,https://www.google.com/maps/place/New+Deepaz+Event+Organiser/data=!4m7!3m6!1s0x396db3f77b1b48ed:0x627a6b039a5a4a1e!8m2!3d26.9631035!4d75.7252119!16s%2Fg%2F11qh63xxr4!19sChIJ7Ugbe_ezbTkRHkpamgNremI?authuser=0&hl=en&rclk=1,5.0,7,Event management company,Open,,· Closes 10 pm,,Not Called,None,
Arsh events,095889 59995,https://instagram.com/arshevents22?igshid=ZDdkNTZiNTM=,https://www.google.com/maps/place/Arsh+event%27s/data=!4m7!3m6!1s0x396db3860fbf3f61:0x759160ae66545ac2!8m2!3d26.94961!4d75.7351823!16s%2Fg%2F11j_0n08c2!19sChIJYT-_D4azbTkRwlpUZq5gkXU?authuser=0&hl=en&rclk=1,5.0,3,Event management company,Open 24 hours,,·,,Not Called,None,
The Desert Gypsy Group,,https://www.gypsygroups.in/,https://www.google.com/maps/place/The+Desert+Gypsy+Group/data=!4m7!3m6!1s0x396db3d18a734567:0x40104df96128811!8m2!3d26.9608268!4d75.7385543!16s%2Fg%2F11ypkz33b3!19sChIJZ0VzitGzbTkREYgSlt8EAQQ?authuser=0&hl=en&rclk=1,5.0,1,Event management company,Open 24 hours,,,,Not Called,None,
Creative concepts entertainment,,,https://www.google.com/maps/place/Creative+concepts+entertainment/data=!4m7!3m6!1s0x396db3667cdab78f:0xc4baee8f88039218!8m2!3d26.9438557!4d75.7475341!16s%2Fg%2F11xm0gsqm6!19sChIJj7fafGazbTkRGJIDiI_uusQ?authuser=0&hl=en&rclk=1,5.0,1,Event management company,Open,,· Closes 8 pm,,Not Called,None,
Shree Shyam Events & Management,,,https://www.google.com/maps/place/Shree+Shyam+Events+%26+Management/data=!4m7!3m6!1s0x396db5a3f8b1ba01:0x8163295e0bbaa4f8!8m2!3d26.8466734!4d75.752022!16s%2Fg%2F11njf0ckx8!19sChIJAbqx-KO1bTkR-KS6C14pY4E?authuser=0&hl=en&rclk=1,5.0,1,Event management company,Open,,· Closes 9 pm,,Not Called,None,
Lakhadatar tent House⛺🎪,098294 59692,,https://www.google.com/maps/place/Lakhadatar+tent+House%E2%9B%BA%F0%9F%8E%AA/data=!4m7!3m6!1s0x396db30002b42a5d:0x70a67f9529f6f581!8m2!3d26.943772!4d75.7372559!16s%2Fg%2F11v_91ycv4!19sChIJXSq0AgCzbTkRgfX2KZV_pnA?authuser=0&hl=en&rclk=1,5.0,9,Event management company,Open 24 hours,,,,Not Called,None,
Paras Central Academy,,http://www.demo.com/,https://www.google.com/maps/place/Paras+Central+Academy/data=!4m7!3m6!1s0x396db3b4c14abbbb:0x2908ad75f5db6a3e!8m2!3d26.9439323!4d75.760951!16s%2Fg%2F11g2xqmck9!19sChIJu7tKwbSzbTkRPmrb9XWtCCk?authuser=0&hl=en&rclk=1,5.0,1,Event management company,Closed,,,,Not Called,None,
MD EVENTS- Best Event Management Company in Jaipur,098287 06730,https://www.instagram.com/mdeventjpr/,https://www.google.com/maps/place/MD+EVENTS-+Best+Event+Management+Company+in+Jaipur/data=!4m7!3m6!1s0x396db19d82baedef:0x4e077c9354bc405!8m2!3d26.938399!4d75.8449369!16s%2Fg%2F11yqd57244!19sChIJ7-26gp2xbTkRBcRLNcl34AQ?authuser=0&hl=en&rclk=1,5.0,3,Event planner,Open 24 hours,,·,,Not Called,None,
Shaadi Platform | Wedding planner in Jaipur,099908 63337,https://shaadiplatform.com/,https://www.google.com/maps/place/Shaadi+Platform+%7C+Wedding+planner+in+Jaipur/data=!4m7!3m6!1s0x396db3ae230510cb:0x7f1550eff031e2ca!8m2!3d26.9487174!4d75.7180121!16s%2Fg%2F11z01rh6wb!19sChIJyxAFI66zbTkRyuIx8O9QFX8?authuser=0&hl=en&rclk=1,,,Wedding planner,Open,,"Vaishno Residency, Plot No -C-90, Hatoj - Kalwar - Jaipur Rd",,Not Called,None,
Event Empire - Wedding Event Planner in Jaipur | Event Management & Designing company,095210 83174,https://eventempire.in/,https://www.google.com/maps/place/Event+Empire+-+Wedding+Event+Planner+in+Jaipur+%7C+Event+Management+%26+Designing+company/data=!4m7!3m6!1s0x396db5c88ffe9dff:0x933d26f33e73b882!8m2!3d26.8557194!4d75.7640194!16s%2Fg%2F11sjcdwcfg!19sChIJ_53-j8i1bTkRgrhzPvMmPZM?authuser=0&hl=en&rclk=1,5.0,3,Event management company,Open,,·,,Not Called,None,
Priyankas Event,077377 22486,http://priyankasevent.com/,https://www.google.com/maps/place/Priyanka%27s+Event/data=!4m7!3m6!1s0x396db343ae5b70db:0xb0646a1f187d770e!8m2!3d26.9271255!4d75.7327405!16s%2Fg%2F11jxp9vxtm!19sChIJ23BbrkOzbTkRDnd9GB9qZLA?authuser=0&hl=en&rclk=1,4.3,23,Wedding planner,Open now,,·,,Not Called,None,
Tscjaipur,,,https://www.google.com/maps/place/Tscjaipur/data=!4m7!3m6!1s0x396db5da6fd97803:0xe394deb03ccb1c51!8m2!3d26.850599!4d75.7637669!16s%2Fg%2F11zc2xhqw6!19sChIJA3jZb9q1bTkRURzLPLDelOM?authuser=0&hl=en&rclk=1,5.0,1,Event management company,Open,,· Closes 10 pm,,Not Called,None,
Infinity Event & Entertainment,095717 87575,http://theinfinityevent.org/,https://www.google.com/maps/place/Infinity+Event+%26+Entertainment/data=!4m7!3m6!1s0x396db5e4dde96217:0x301260d95ae5c379!8m2!3d26.8451311!4d75.7537458!16s%2Fg%2F11vst66kt2!19sChIJF2Lp3eS1bTkRecPlWtlgEjA?authuser=0&hl=en&rclk=1,5.0,6,Event management company,Open,,·,,Not Called,None,
Suresh Electrical and Genrators,,,https://www.google.com/maps/place/Suresh+Electrical+and+Genrators/data=!4m7!3m6!1s0x396db50035724343:0x30d6781fa107e0d1!8m2!3d26.846284!4d75.7578182!16s%2Fg%2F11z237mhgt!19sChIJQ0NyNQC1bTkR0eAHoR941jA?authuser=0&hl=en&rclk=1,5.0,1,Event planner,,,,,Not Called,None,
Shree Krishna Events & Hospitality,098879 05763,https://instagram.com/shreekrishnaevents2023?utm_source=qr&igshid=MzNlNGNkZWQ4Mg==,https://www.google.com/maps/place/Shree+Krishna+Events+%26+Hospitality/data=!4m7!3m6!1s0x396db3b991ccf0ad:0x9745af6bd96572d5!8m2!3d26.9679019!4d75.7441219!16s%2Fg%2F11sv14l_jp!19sChIJrfDMkbmzbTkR1XJl2WuvRZc?authuser=0&hl=en&rclk=1,,,Event management company,,,,,Not Called,None,
Shree sawariya events,086196 24206,,https://www.google.com/maps/place/Shree+sawariya+events/data=!4m7!3m6!1s0x396db5c5e2bc0541:0xe9ccf66eed444998!8m2!3d26.8504593!4d75.7627702!16s%2Fg%2F11z6tjgr89!19sChIJQQW84sW1bTkRmElE7W72zOk?authuser=0&hl=en&rclk=1,,,Event planner,Open,,· Closes 8 am Sat,,Not Called,None,
Mahidecor | Event Planner In Jaipur,,,https://www.google.com/maps/place/Mahidecor+%7C+Event+Planner+In+Jaipur/data=!4m7!3m6!1s0x396db520566133fd:0x4447176c8c8722b3!8m2!3d26.8415612!4d75.7493652!16s%2Fg%2F11zbk95s5p!19sChIJ_TNhViC1bTkRsyKHjGwXR0Q?authuser=0&hl=en&rclk=1,5.0,2,Event management company,Open,,· Closes 10 pm,,Not Called,None,
Mahisevent & fashion studio private limited,098294 91629,,https://www.google.com/maps/place/Mahisevent+%26+fashion+studio+private+limited/data=!4m7!3m6!1s0x396db50033619c01:0xa49f18858ce8625d!8m2!3d26.8677198!4d75.7576083!16s%2Fg%2F11vq_mks_9!19sChIJAZxhMwC1bTkRXWLojIUYn6Q?authuser=0&hl=en&rclk=1,5.0,82,Event planner,Open 24 hours,,,,Not Called,None,
The Auraa Atelier,,,https://www.google.com/maps/place/The+Auraa+Atelier/data=!4m7!3m6!1s0x396db581d3d10085:0x658458d2361226f9!8m2!3d26.8538152!4d75.767037!16s%2Fg%2F11z9hyv3j3!19sChIJhQDR04G1bTkR-SYSNtJYhGU?authuser=0&hl=en&rclk=1,5.0,16,Event management company,Open,,· Closes 7 pm,,Not Called,None,
Balloon house jaipur,,https://balloonhousejaipur.in/,https://www.google.com/maps/place/Balloon+house+jaipur/data=!4m7!3m6!1s0x396db35192a4c68b:0xd434fc60651437b9!8m2!3d26.8703951!4d75.7530723!16s%2Fg%2F11myltn4lp!19sChIJi8akklGzbTkRuTcUZWD8NNQ?authuser=0&hl=en&rclk=1,5.0,31,Event planner,,,Open 24 hours,,Not Called,None,
Elegant Exposition Events,080946 54499,,https://www.google.com/maps/place/Elegant+Exposition+Events/data=!4m7!3m6!1s0x396db5685b718a9f:0xb68dee8003cb4863!8m2!3d26.8607624!4d75.7635987!16s%2Fg%2F11rhvxm218!19sChIJn4pxW2i1bTkRY0jLA4DujbY?authuser=0&hl=en&rclk=1,5.0,16,Event planner,Open 24 hours,,,,Not Called,None,
Saini Event Mansarover,096808 68703,,https://www.google.com/maps/place/Saini+Event+Mansarover/data=!4m7!3m6!1s0x396db524612c9e69:0xc2fbf9834ad38b1e!8m2!3d26.857368!4d75.7415867!16s%2Fg%2F11wjdm34nw!19sChIJaZ4sYSS1bTkRHovTSoP5-8I?authuser=0&hl=en&rclk=1,5.0,10,Event planner,Open,,· Closes 5 pm,,Not Called,None,
RJ Group ( creating moments memorable ),,,https://www.google.com/maps/place/RJ+Group+%28+creating+moments+memorable+%29/data=!4m7!3m6!1s0x396db590641cef27:0xc4f2610b311989fc!8m2!3d26.846274!4d75.772552!16s%2Fg%2F11b6pdp0nm!19sChIJJ-8cZJC1bTkR_IkZMQth8sQ?authuser=0&hl=en&rclk=1,4.9,68,Event planner,Open,,· Closes 7 pm,,Not Called,None,
Bellavista party decoration,,,https://www.google.com/maps/place/Bellavista+party+decoration/data=!4m7!3m6!1s0x396db5d09059c313:0x67ea2667e60548b6!8m2!3d26.8599217!4d75.7708568!16s%2Fg%2F11z0wl8r67!19sChIJE8NZkNC1bTkRtkgF5mcm6mc?authuser=0&hl=en&rclk=1,5.0,4,Event planner,Open 24 hours,,,,Not Called,None,
Vidhi vaani birthday decor,075971 40625,,https://www.google.com/maps/place/Vidhi+vaani+birthday+decor/data=!4m7!3m6!1s0x396db519f84df78d:0xea3668112b6c85b!8m2!3d26.843875!4d75.7719492!16s%2Fg%2F11w2zs2tcs!19sChIJjfdN-Bm1bTkRW8i2EoFmow4?authuser=0&hl=en&rclk=1,5.0,85,Event planner,Open,,· Closes 11 pm,,Not Called,None,
Srisay Events - Wedding & Event Planner in Jaipur · Visited link,,https://srisay-events.grexa.site/,https://www.google.com/maps/place/Srisay+Events+-+Wedding+%26+Event+Planner+in+Jaipur/data=!4m7!3m6!1s0x396db59545e57493:0x976deae11f7b57f8!8m2!3d26.8465446!4d75.7620842!16s%2Fg%2F11xthnjmdm!19sChIJk3TlRZW1bTkR-Fd7H-HqbZc?authuser=0&hl=en&rclk=1,5.0,4,Event planner,,,Open 24 hours,,Not Called,None,
Design My Wed (Event & Wedding Planner),073003 78552,,https://www.google.com/maps/place/Design+My+Wed+%28Event+%26+Wedding+Planner%29/data=!4m7!3m6!1s0x396db5977da07beb:0xcc8a4f7af1a73134!8m2!3d26.8398825!4d75.7658675!16s%2Fg%2F11lz004pd2!19sChIJ63ugfZe1bTkRNDGn8XpPisw?authuser=0&hl=en&rclk=1,5.0,11,Event planner,Open,,· Closes 8 pm,,Not Called,None,
The Celebration Studio,097847 59329,https://www.instagram.com/thecelebrationstudio__?igsh=ZWR4MzhwZnpkNmNj,https://www.google.com/maps/place/The+Celebration+Studio/data=!4m7!3m6!1s0x396db52f0fc177c7:0xcb949389d40268c4!8m2!3d26.8583828!4d75.7658692!16s%2Fg%2F11nz0vhlb_!19sChIJx3fBDy-1bTkRxGgC1ImTlMs?authuser=0&hl=en&rclk=1,4.6,101,Event planner,·,,Open,,Not Called,None,
Parmar Events,080005 81762,https://www.instagram.com/parmar__events/,https://www.google.com/maps/place/Parmar+Events/data=!4m7!3m6!1s0x8b75c56a71c13085:0x9fcb40839518c469!8m2!3d26.8334144!4d75.7501622!16s%2Fg%2F11y_kysx57!19sChIJhTDBcWrFdYsRacQYlYNAy58?authuser=0&hl=en&rclk=1,4.9,8,Event planner,·,,Open,,Not Called,None,
Balloon Decoration - Birthday Decoration Jaipur,087952 80341,https://www.bookdecoration.com/,https://www.google.com/maps/place/Balloon+Decoration+-+Birthday+Decoration+Jaipur/data=!4m7!3m6!1s0x396db53804aa4475:0xe6860784289aee!8m2!3d26.84667!4d75.768866!16s%2Fg%2F11wwpv0243!19sChIJdUSqBDi1bTkR7poohAeG5gA?authuser=0&hl=en&rclk=1,5.0,26,Event planner,·,,Open 24 hours,,Not Called,None,
The Balloon Decoration Jaipur,095496 15605,,https://www.google.com/maps/place/The+Balloon+Decoration+Jaipur/data=!4m7!3m6!1s0x396db5a86e7917fb:0xd72a9defaf639852!8m2!3d26.8496198!4d75.773562!16s%2Fg%2F11njy6s25q!19sChIJ-xd5bqi1bTkRUphjr--dKtc?authuser=0&hl=en&rclk=1,5.0,7,Event management company,Open 24 hours,,,,Not Called,None,
Market Catcher Events,088240 13344,,https://www.google.com/maps/place/Market+Catcher+Events/data=!4m7!3m6!1s0x396db5067414b20f:0x377b9f8aa3170b43!8m2!3d26.8586017!4d75.742894!16s%2Fg%2F11nb6m04fm!19sChIJD7IUdAa1bTkRQwsXo4qfezc?authuser=0&hl=en&rclk=1,5.0,6,Event management company,Open,,· Closes 8 pm,,Not Called,None,
Show elite event,070231 07836,,https://www.google.com/maps/place/Show+elite+event/data=!4m7!3m6!1s0x396db5f321f57c0d:0x1753566c62b49a39!8m2!3d26.8386015!4d75.7639234!16s%2Fg%2F11l73z04b8!19sChIJDXz1IfO1bTkROZq0YmxWUxc?authuser=0&hl=en&rclk=1,5.0,3,Wedding planner,Open,,· Closes 7 pm,,Not Called,None,
Jaipur decoration wholesaler,095099 48238,https://www.instagram.com/jaipurdecoration?igsh=NmN2bWJtMnF1aDZp,https://www.google.com/maps/place/Jaipur+decoration+wholesaler/data=!4m7!3m6!1s0x396db50089fb4237:0x4bbdf4cc5f589857!8m2!3d26.868828!4d75.75656!16s%2Fg%2F11rgc0_3kw!19sChIJN0L7iQC1bTkRV5hYX8z0vUs?authuser=0&hl=en&rclk=1,4.8,181,Event planner,·,,Open,,Not Called,None,
Ss paradise,080790 68748,,https://www.google.com/maps/place/Ss+paradise/data=!4m7!3m6!1s0x396db59f0ce1b837:0x68f08021824ce327!8m2!3d26.8448414!4d75.7638447!16s%2Fg%2F11cm0yjhcy!19sChIJN7jhDJ-1bTkRJ-NMgiGA8Gg?authuser=0&hl=en&rclk=1,4.1,551,Event venue,Open 24 hours,,,,Not Called,None,
The Decor Designer,084409 65202,http://thedecordesigner.com/,https://www.google.com/maps/place/The+Decor+Designer/data=!4m7!3m6!1s0x396db584372483bb:0xdb9c038c17eaa192!8m2!3d26.8481849!4d75.7711689!16s%2Fg%2F11y_cjsnmn!19sChIJu4MkN4S1bTkRkqHqF4wDnNs?authuser=0&hl=en&rclk=1,5.0,4,Wedding planner,·,,Open,,Not Called,None,
Prasha Event Designs & Decor,096807 41679,,https://www.google.com/maps/place/Prasha+Event+Designs+%26+Decor/data=!4m7!3m6!1s0x396db572298311e5:0x5f7ebce84220890e!8m2!3d26.8554132!4d75.7378887!16s%2Fg%2F11tf78fbyp!19sChIJ5RGDKXK1bTkRDokgQui8fl8?authuser=0&hl=en&rclk=1,5.0,8,Event management company,Open 24 hours,,,,Not Called,None,
Sana decorations,097841 26706,https://sanadecorations.com/,https://www.google.com/maps/place/Sana+decorations/data=!4m7!3m6!1s0x836e35404fddf63:0xebb794c7e54babe0!8m2!3d26.8640609!4d75.7590087!16s%2Fg%2F11xmlpvmck!19sChIJY9_9BFTjNggR4KtL5ceUt-s?authuser=0&hl=en&rclk=1,5.0,65,Event management company,·,,Open,,Not Called,None,
Surprise ballon decoration,095880 62517,https://jaipurdecorations.com/,https://www.google.com/maps/place/Surprise+ballon+decoration/data=!4m7!3m6!1s0x396db5b1920f8271:0xbdc56c210d6c801d!8m2!3d26.8702012!4d75.7559336!16s%2Fg%2F11v_5t7hnj!19sChIJcYIPkrG1bTkRHYBsDSFsxb0?authuser=0&hl=en&rclk=1,4.9,48,Event planner,·,,Open 24 hours,,Not Called,None,
"Maven Events | Corporate Events & Destination Wedding Planner in Jaipur, Rajasthan",,,"https://www.google.com/maps/place/Maven+Events+%7C+Corporate+Events+%26+Destination+Wedding+Planner+in+Jaipur,+Rajasthan/data=!4m7!3m6!1s0x396db5338700f4fb:0x903a1d807078400f!8m2!3d26.846318!4d75.7355948!16s%2Fg%2F11z69q2kkb!19sChIJ-_QAhzO1bTkRD0B4cIAdOpA?authuser=0&hl=en&rclk=1",5.0,8,Event planner,Open,,· Closes 8:30 pm,,Not Called,None,
Shree Ji Wedding Event Planner,093142 06370,,https://www.google.com/maps/place/Shree+Ji+Wedding+Event+Planner/data=!4m7!3m6!1s0x396db563e1ad149d:0x76491da00d403a23!8m2!3d26.8451114!4d75.7639029!16s%2Fg%2F11lmlw7h28!19sChIJnRSt4WO1bTkRIzpADaAdSXY?authuser=0&hl=en&rclk=1,5.0,2,Wedding service,Open 24 hours,,,,Not Called,None,
Anchor Prashant Mishra,070147 03367,https://anchorprashantmishra.blogspot.com/?m=1,https://www.google.com/maps/place/Anchor+Prashant+Mishra/data=!4m7!3m6!1s0x396db526b0846d69:0x2c48eb6cfae65630!8m2!3d26.8599325!4d75.7717653!16s%2Fg%2F11h4zqdh0z!19sChIJaW2EsCa1bTkRMFbm-mzrSCw?authuser=0&hl=en&rclk=1,5.0,142,Event planner,·,,Open 24 hours,,Not Called,None,
namaste caterers and events,093593 33337,https://namastecaterers.com/,https://www.google.com/maps/place/namaste+caterers+and+events/data=!4m7!3m6!1s0x396db51e84325303:0x919da09683a4e041!8m2!3d26.8577332!4d75.7409282!16s%2Fg%2F11lz90v6cm!19sChIJA1MyhB61bTkRQeCkg5agnZE?authuser=0&hl=en&rclk=1,5.0,53,Wedding planner,·,,Open,,Not Called,None,
Firangi flowers & events jaipur,,,https://www.google.com/maps/place/Firangi+flowers+%26+events+jaipur/data=!4m7!3m6!1s0x396db54675c4ca95:0x89d1fead87d95a79!8m2!3d26.851128!4d75.7495208!16s%2Fg%2F11yy5kz952!19sChIJlcrEdUa1bTkReVrZh63-0Yk?authuser=0&hl=en&rclk=1,3.0,1,Event planner,,,,,Not Called,None,
Ridhi Sidhi Tent House,082393 31633,,https://www.google.com/maps/place/Ridhi+Sidhi+Tent+House/data=!4m7!3m6!1s0x396db5bec0ba4999:0xc26ab3ad3febfac5!8m2!3d26.8426387!4d75.7453366!16s%2Fg%2F11kqw45x8y!19sChIJmUm6wL61bTkRxfrrP62zasI?authuser=0&hl=en&rclk=1,4.8,85,Tent House Supplier,Open,,· Closes 8:30 pm,,Not Called,None,
Weddings by Navdeep Makkar | Wedding Planner in Jaipur,084277 85793,https://weddingsbynavdeepmakkar.com/,https://www.google.com/maps/place/Weddings+by+Navdeep+Makkar+%7C+Wedding+Planner+in+Jaipur/data=!4m7!3m6!1s0x396db56ee7d06ce9:0xfec540542d6ed78a!8m2!3d26.8568031!4d75.7735666!16s%2Fg%2F11xvr_30f7!19sChIJ6WzQ5261bTkRitduLVRAxf4?authuser=0&hl=en&rclk=1,5.0,3,Wedding planner,·,,Open 24 hours,,Not Called,None,
Surprise balloon decoration,082902 18178,,https://www.google.com/maps/place/Surprise+balloon+decoration/data=!4m7!3m6!1s0x396db578bd917d7d:0xd80d0ea22ad64211!8m2!3d26.8635208!4d75.7727822!16s%2Fg%2F11zcg2_pjn!19sChIJfX2RvXi1bTkREULWKqIODdg?authuser=0&hl=en&rclk=1,5.0,2,Event planner,Open 24 hours,,,,Not Called,None,
"TRON3- Dj | Wedding DJ | Party Dj in Mansarovar, Jaipur",097828 81155,https://tron3music.in/,"https://www.google.com/maps/place/TRON3-+Dj+%7C+Wedding+DJ+%7C+Party+Dj+in+Mansarovar,+Jaipur/data=!4m7!3m6!1s0x396db5abbb66ee51:0x7d0fa6b597630c7a!8m2!3d26.848235!4d75.765517!16s%2Fg%2F11rn7v_mf9!19sChIJUe5mu6u1bTkRegxjl7WmD30?authuser=0&hl=en&rclk=1",5.0,13,Wedding service,·,,Open,,Not Called,None,
Party Props,090578 78182,,https://www.google.com/maps/place/Party+Props/data=!4m7!3m6!1s0x396db50411aadf85:0xafa6921469afd79e!8m2!3d26.8625074!4d75.7491676!16s%2Fg%2F11f6g1lqfz!19sChIJhd-qEQS1bTkRntevaRSSpq8?authuser=0&hl=en&rclk=1,4.8,5,Event planner,Open,,· Closes 8 pm,,Not Called,None,
Clever Balloon decoration,076650 51833,https://cleverdecorations.com/,https://www.google.com/maps/place/Clever+Balloon+decoration/data=!4m7!3m6!1s0x396db54ba79634ff:0x524227f66eb1fb5!8m2!3d26.8705601!4d75.756069!16s%2Fg%2F11w1hz95ld!19sChIJ_zSWp0u1bTkRtR_rZn8iJAU?authuser=0&hl=en&rclk=1,4.7,61,Event planner,·,,Open 24 hours,,Not Called,None,
weddylife,092562 50532,https://www.weddylife.in/,https://www.google.com/maps/place/weddylife/data=!4m7!3m6!1s0xad8f6d08a4be7e47:0xe0c242aea7be90f!8m2!3d26.8579449!4d75.7415354!16s%2Fg%2F11ldx12z2k!19sChIJR36-pAhtj60RD-l76iokDA4?authuser=0&hl=en&rclk=1,5.0,1,Wedding planner,·,,Open,,Not Called,None,
ASJ Planner & Designer- Luxury Wedding Planner in Jaipur,078912 31555,https://www.ankitasomaanijain.com/,https://www.google.com/maps/place/ASJ+Planner+%26+Designer-+Luxury+Wedding+Planner+in+Jaipur/data=!4m7!3m6!1s0x396db53a8c525989:0xabe07287a7c0e523!8m2!3d26.8357308!4d75.7526595!16s%2Fg%2F11ysn433bc!19sChIJiVlSjDq1bTkRI-XAp4dy4Ks?authuser=0&hl=en&rclk=1,5.0,2,Wedding planner,·,,Open,,Not Called,None,
Balloon Decoration By Madhav One Class Decor,063763 93590,,https://www.google.com/maps/place/Balloon+Decoration+By+Madhav+One+Class+Decor/data=!4m7!3m6!1s0x396c4b255d13a925:0x9fa6d7794bf49226!8m2!3d26.8542808!4d75.743656!16s%2Fg%2F11l6j354bx!19sChIJJakTXSVLbDkRJpL0S3nXpp8?authuser=0&hl=en&rclk=1,5.0,20,Event planner,Open,,· Closes 6 pm,,Not Called,None,
SRG WEDDING PLANNER & EVENTS,,,https://www.google.com/maps/place/SRG+WEDDING+PLANNER+%26+EVENTS/data=!4m7!3m6!1s0x396db5a2f1a060f5:0xd96a43497006077c!8m2!3d26.8324742!4d75.7472484!16s%2Fg%2F11z76wq8jb!19sChIJ9WCg8aK1bTkRfAcGcElDatk?authuser=0&hl=en&rclk=1,5.0,2,Wedding planner,Open 24 hours,,,,Not Called,None,
Rock n wedding and event planner,076109 43014,,https://www.google.com/maps/place/Rock+%27n%27+wedding+and+event+planner/data=!4m7!3m6!1s0x396db5c5849814ff:0x49f0e048cecfec35!8m2!3d26.8702491!4d75.723914!16s%2Fg%2F11nch2s1y8!19sChIJ_xSYhMW1bTkRNezPzkjg8Ek?authuser=0&hl=en&rclk=1,4.6,11,Event planner,Open 24 hours,,,,Not Called,None,
SAUBHAGYA BANQUET & GARDEN,098285 31313,http://www.funberg.in/,https://www.google.com/maps/place/SAUBHAGYA+BANQUET+%26+GARDEN/data=!4m7!3m6!1s0x396db5004a99c1c3:0x2f7bed6f2a17b8f3!8m2!3d26.8459068!4d75.7396403!16s%2Fg%2F11ltpxk1nr!19sChIJw8GZSgC1bTkR87gXKm_tey8?authuser=0&hl=en&rclk=1,4.5,47,Wedding venue,"FUNBERG, Opp Mahima Elanza Funberg Road, Vande Mataram Marg",,Open,,Not Called,None,
Magnious events,,http://www.magniousevents.com/,https://www.google.com/maps/place/Magnious+events/data=!4m7!3m6!1s0x396db5004ee92c13:0x6bbbd079e86cff10!8m2!3d26.8380165!4d75.7877798!16s%2Fg%2F11w98_lpsx!19sChIJEyzpTgC1bTkREP9s6HnQu2s?authuser=0&hl=en&rclk=1,4.7,31,Event management company,,,Open,,Not Called,None,
R.S TENT HOUSE,077289 89874,,https://www.google.com/maps/place/R.S+TENT+HOUSE/data=!4m7!3m6!1s0x396db561a16368eb:0x12cea4bfd01a5b1d!8m2!3d26.8474766!4d75.7588799!16s%2Fg%2F11sjfpbhhx!19sChIJ62hjoWG1bTkRHVsa0L-kzhI?authuser=0&hl=en&rclk=1,5.0,6,Event planner,Open,,· Closes 8:30 pm,,Not Called,None,
Dot&Dot Dance Academy & Events,096365 35649,https://www.instagram.com/dotndotevents?igsh=dDQ1ZnMwdmx5dGU2&utm_source=qr,https://www.google.com/maps/place/Dot%26Dot+Dance+Academy+%26+Events/data=!4m7!3m6!1s0x396db5005414834b:0x768fad9b68dad40b!8m2!3d26.8533995!4d75.7356974!16s%2Fg%2F11bxc3zf0x!19sChIJS4MUVAC1bTkRC9TaaJutj3Y?authuser=0&hl=en&rclk=1,5.0,117,Event planner,·,,Open,,Not Called,None,
THE MITTAL’S ENTERTAINMENT,092682 24466,,https://www.google.com/maps/place/THE+MITTAL%E2%80%99S+ENTERTAINMENT/data=!4m7!3m6!1s0x396db5bedd95977b:0x94b31c0059e41c06!8m2!3d26.8440641!4d75.770789!16s%2Fg%2F11gbx92941!19sChIJe5eV3b61bTkRBhzkWQAcs5Q?authuser=0&hl=en&rclk=1,4.6,5,Event management company,Open 24 hours,,,,Not Called,None,
kp events,077423 41773,,https://www.google.com/maps/place/kp+events/data=!4m7!3m6!1s0x396db54eb38fc959:0x3d7cd373b700757!8m2!3d26.8710885!4d75.7665828!16s%2Fg%2F11ydb0p_7d!19sChIJWcmPs061bTkRVwdwOzfN1wM?authuser=0&hl=en&rclk=1,5.0,7,Event planner,Open,,· Closes 10 pm,,Not Called,None,
Kanta tent & electric decoration,096945 28317,,https://www.google.com/maps/place/Kanta+tent+%26+electric+decoration/data=!4m7!3m6!1s0x396db50056bc6cc9:0xc8f0da973d9a2766!8m2!3d26.8462698!4d75.750377!16s%2Fg%2F11wwhzm0c9!19sChIJyWy8VgC1bTkRZieaPZfa8Mg?authuser=0&hl=en&rclk=1,5.0,2,Event planner,,,,,Not Called,None,
Decor Station Jaipur,095490 55505,,https://www.google.com/maps/place/Decor+Station+Jaipur/data=!4m7!3m6!1s0x396db51158ebbd97:0xe84232eacea2079!8m2!3d26.8326631!4d75.7571715!16s%2Fg%2F11mm818j_v!19sChIJl73rWBG1bTkReSDqrC4jhA4?authuser=0&hl=en&rclk=1,5.0,4,Event planner,Open 24 hours,,,,Not Called,None,
Kiran Paradise,097827 32614,,https://www.google.com/maps/place/Kiran+Paradise/data=!4m7!3m6!1s0x396db59f5df6abe7:0x28ef20b06dc7f98!8m2!3d26.8385562!4d75.7563999!16s%2Fg%2F11gbl3xmnd!19sChIJ56v2XZ-1bTkRmH_cBgvyjgI?authuser=0&hl=en&rclk=1,4.2,502,Wedding venue,Open 24 hours,,,,Not Called,None,
Near by dance academy & Event company,088900 13023,,https://www.google.com/maps/place/Near+by+dance+academy+%26+Event+company/data=!4m7!3m6!1s0x396db5e275efd231:0x34246f986462172a!8m2!3d26.8662626!4d75.7577918!16s%2Fg%2F11v6wn64f0!19sChIJMdLvdeK1bTkRKhdiZJhvJDQ?authuser=0&hl=en&rclk=1,5.0,120,Event planner,Open,,· Closes 10 pm,,Not Called,None,
R K Lawn,097820 93785,,https://www.google.com/maps/place/R+K+Lawn/data=!4m7!3m6!1s0x396db5bd1c722547:0x4cb7d2a01d5af52d!8m2!3d26.849967!4d75.77396!16s%2Fg%2F1hm23xxmm!19sChIJRyVyHL21bTkRLfVaHaDSt0w?authuser=0&hl=en&rclk=1,4.0,506,Event venue,Open 24 hours,,,,Not Called,None,
KS Event & wedding planner,089630 66272,,https://www.google.com/maps/place/KS+Event+%26+wedding+planner/data=!4m7!3m6!1s0x396db550ef987eed:0xf4cde70779349e3c!8m2!3d26.8268867!4d75.7734667!16s%2Fg%2F11l25qxzmz!19sChIJ7X6Y71C1bTkRPJ40eQfnzfQ?authuser=0&hl=en&rclk=1,5.0,9,Event planner,Open 24 hours,,,,Not Called,None,
Tara Tent House,,,https://www.google.com/maps/place/Tara+Tent+House/data=!4m7!3m6!1s0x396db4fefca06c0b:0xf7975224880a7829!8m2!3d26.8719913!4d75.7576096!16s%2Fg%2F1ydxc3n3b!19sChIJC2yg_P60bTkRKXgKiCRSl_c?authuser=0&hl=en&rclk=1,4.2,37,Event planner,Open,,· Closes 9 pm,,Not Called,None,
R c events and conferences godown,096100 12007,,https://www.google.com/maps/place/R+c+events+and+conferences+godown/data=!4m7!3m6!1s0x396db59060fb6e25:0xbeb88b9660f9414e!8m2!3d26.8536181!4d75.7765589!16s%2Fg%2F11svw5x42r!19sChIJJW77YJC1bTkRTkH5YJaLuL4?authuser=0&hl=en&rclk=1,4.2,5,Event planner,Open 24 hours,,,,Not Called,None,
"Perfect place to find venues for weddings, birthdays, office parties, business meetings, offsites",,,"https://www.google.com/maps/place/Perfect+place+to+find+venues+for+weddings,+birthdays,+office+parties,+business+meetings,+offsites/data=!4m7!3m6!1s0x396db5a7792f55d1:0x7820a5fb3b12309e!8m2!3d26.854506!4d75.760814!16s%2Fg%2F11c1pcs6_j!19sChIJ0VUveae1bTkRnjASO_ulIHg?authuser=0&hl=en&rclk=1",4.1,8,Event planner,,,,,Not Called,None,
Vista Event Decoration,088245 28264,https://www.vistaeventdecoration.com/,https://www.google.com/maps/place/Vista+Event+Decoration/data=!4m7!3m6!1s0x396db531fd36d1b7:0xf456597f1d7c7fe7!8m2!3d26.8579989!4d75.7696684!16s%2Fg%2F11y3zg9_bb!19sChIJt9E2_TG1bTkR5398HX9ZVvQ?authuser=0&hl=en&rclk=1,5.0,1,Balloon artist,·,,Open,,Not Called,None,
Purnima lighting & Events,,,https://www.google.com/maps/place/Purnima+lighting+%26+Events/data=!4m7!3m6!1s0x396db535ab2e9383:0xcde69846034261bb!8m2!3d26.8614726!4d75.7360919!16s%2Fg%2F11l2q8zzhq!19sChIJg5MuqzW1bTkRu2FCA0aY5s0?authuser=0&hl=en&rclk=1,5.0,3,Event planner,Open,,· Closes 6 pm,,Not Called,None,
The Aadhya Event,098284 41999,,https://www.google.com/maps/place/The+Aadhya+Event/data=!4m7!3m6!1s0x396db506cede7bff:0x1ee8e50a891f5859!8m2!3d26.8623954!4d75.7565399!16s%2Fg%2F11jz9wlqq8!19sChIJ_3vezga1bTkRWVgfiQrl6B4?authuser=0&hl=en&rclk=1,5.0,2,Event planner,Open now,,,,Not Called,None,
Capturing Crew,097722 22071,https://capturingcrew.com/,https://www.google.com/maps/place/Capturing+Crew/data=!4m7!3m6!1s0x396db5414b4a8da7:0x27f1d6a9e3bfa3b1!8m2!3d26.8518911!4d75.7557368!16s%2Fg%2F11tfy4_gmb!19sChIJp41KS0G1bTkRsaO_46nW8Sc?authuser=0&hl=en&rclk=1,4.9,122,Wedding photographer,·,,Open,,Not Called,None,
Classic Creators Events,,http://classiccreators.com/,https://www.google.com/maps/place/Classic+Creators+Events/data=!4m7!3m6!1s0x396db58fab3bfad9:0x688a7b2fb677a66e!8m2!3d26.8432821!4d75.7477828!16s%2Fg%2F11nr11ct4q!19sChIJ2fo7q4-1bTkRbqZ3ti97img?authuser=0&hl=en&rclk=1,,,Wedding planner,,,Open 24 hours,,Not Called,None,
RAJA PARADISE,098290 62154,,https://www.google.com/maps/place/RAJA+PARADISE/data=!4m7!3m6!1s0x396db576f7292707:0x7cc35807c01beb36!8m2!3d26.8377083!4d75.7572744!16s%2Fg%2F11fjzkhny3!19sChIJBycp93a1bTkRNusbwAdYw3w?authuser=0&hl=en&rclk=1,4.2,857,Wedding venue,Open,,· Closes 11 pm,,Not Called,None,
Ankit Tent House,093148 87611,,https://www.google.com/maps/place/Ankit+Tent+House/data=!4m7!3m6!1s0x396db5a8ffffffff:0x8261d445e0cb531f!8m2!3d26.8439771!4d75.7700071!16s%2Fg%2F1wfcmkcq!19sChIJ_____6i1bTkRH1PL4EXUYYI?authuser=0&hl=en&rclk=1,3.3,3,Event planner,Open,,· Closes 8:30 pm,,Not Called,None,
Shaan choreographer,097847 62577,,https://www.google.com/maps/place/Shaan+choreographer/data=!4m7!3m6!1s0x396db5b80c4b89d7:0xba69b3e08601d8da!8m2!3d26.8508823!4d75.7553788!16s%2Fg%2F11b69_5s1f!19sChIJ14lLDLi1bTkR2tgBhuCzabo?authuser=0&hl=en&rclk=1,4.9,57,Event planner,Closed,,· Opens 4 pm,,Not Called,None,
Sabb Creations - Resin & wedding services,070144 63339,https://sabbcreations.in/,https://www.google.com/maps/place/Sabb+Creations+-+Resin+%26+wedding+services/data=!4m7!3m6!1s0x396db53c74fd4fb9:0xedc66856c52a785c!8m2!3d26.851441!4d75.768928!16s%2Fg%2F11w9r53vsy!19sChIJuU_9dDy1bTkRXHgqxVZoxu0?authuser=0&hl=en&rclk=1,4.9,44,Wedding planner,·,,Open,,Not Called,None,
Chopra Paradise,098290 16591,,https://www.google.com/maps/place/Chopra+Paradise/data=!4m7!3m6!1s0x396db51ada5d597b:0x7af69dab2aa5272d!8m2!3d26.8584442!4d75.7436842!16s%2Fg%2F11s4vc_whf!19sChIJe1ld2hq1bTkRLSelKqud9no?authuser=0&hl=en&rclk=1,4.5,179,Wedding venue,Open 24 hours,,,,Not Called,None,
Bollon decoration by mandeep,,,https://www.google.com/maps/place/Bollon+decoration+by+mandeep/data=!4m7!3m6!1s0x396db53146ea029b:0x4f79bfaec4ff08e6!8m2!3d26.8514262!4d75.7649321!16s%2Fg%2F11xnc2127m!19sChIJmwLqRjG1bTkR5gj_xK6_eU8?authuser=0&hl=en&rclk=1,,,Event planner,Open 24 hours,,,,Not Called,None,
Marriage Garden,,,https://www.google.com/maps/place/Marriage+Garden/data=!4m7!3m6!1s0x396db5a63dc00001:0x797678eb7c01b746!8m2!3d26.8569959!4d75.7646752!16s%2Fg%2F11kj8_wbjr!19sChIJAQDAPaa1bTkRRrcBfOt4dnk?authuser=0&hl=en&rclk=1,4.9,11,Wedding venue,,,,,Not Called,None,
Radha Krishna Marriage Garden,,,https://www.google.com/maps/place/Radha+Krishna+Marriage+Garden/data=!4m7!3m6!1s0x396db576f27427b5:0x8f06d7b655221d48!8m2!3d26.8383549!4d75.7568201!16s%2Fg%2F11f15jgyt8!19sChIJtSd08na1bTkRSB0iVbbXBo8?authuser=0&hl=en&rclk=1,4.2,359,Wedding planner,Open 24 hours,,,,Not Called,None,
Balaji Events,080583 47606,,https://www.google.com/maps/place/Balaji+Events/data=!4m7!3m6!1s0x396db50e0a856421:0xce1b41ff575b8012!8m2!3d26.8427558!4d75.7319426!16s%2Fg%2F11s7r0t4qq!19sChIJIWSFCg61bTkREoBbV_9BG84?authuser=0&hl=en&rclk=1,5.0,3,Wedding planner,,,,,Not Called,None,
Siddhartha Paradise Marriage Garden,,,https://www.google.com/maps/place/Siddhartha+Paradise+Marriage+Garden/data=!4m7!3m6!1s0x396db5bd0fe0feeb:0x5e12c3558a92c742!8m2!3d26.8495453!4d75.7742292!16s%2Fg%2F11c6cpkfms!19sChIJ6_7gD721bTkRQseSilXDEl4?authuser=0&hl=en&rclk=1,4.2,101,Event venue,,,,,Not Called,None,
Jain Events and Caterers,072308 88688,https://jain-events-and-caterers.netlify.app/,https://www.google.com/maps/place/Jain+Events+and+Caterers/data=!4m7!3m6!1s0x396db5faef05ef95:0x342159ef9cc88ac0!8m2!3d26.8448834!4d75.7341847!16s%2Fg%2F11vjkv_hx2!19sChIJle8F7_q1bTkRwIrInO9ZITQ?authuser=0&hl=en&rclk=1,4.8,79,Wedding planner,·,,Open 24 hours,,Not Called,None,
Utkarsh Easy,092168 88575,https://utkarsheasy.in/,https://www.google.com/maps/place/Utkarsh+Easy/data=!4m7!3m6!1s0x396db51c19e06543:0xcc5a0b249fa79d02!8m2!3d26.8542296!4d75.7672856!16s%2Fg%2F11wpb7qb_d!19sChIJQ2XgGRy1bTkRAp2nnyQLWsw?authuser=0&hl=en&rclk=1,4.2,5,Home help,·,,Open 24 hours,,Not Called,None,
Wed In Time Godown,,,https://www.google.com/maps/place/Wed+In+Time+Godown/data=!4m7!3m6!1s0x396db50042a6531b:0x16d4422d730bb0ba!8m2!3d26.8456423!4d75.7665216!16s%2Fg%2F11n9f24mny!19sChIJG1OmQgC1bTkRurALcy1C1BY?authuser=0&hl=en&rclk=1,,,Event planner,,,,,Not Called,None,
varmala kings india,088908 65181,,https://www.google.com/maps/place/varmala+kings+india/data=!4m7!3m6!1s0x396db5def85d49a3:0xfef4b0ad525d35c6!8m2!3d26.8692023!4d75.7538928!16s%2Fg%2F11gk6dm8ps!19sChIJo0ld-N61bTkRxjVdUq2w9P4?authuser=0&hl=en&rclk=1,5.0,7,Event planner,Open 24 hours,,,,Not Called,None,
Radhe Rani Marriage Garden,093145 14340,,https://www.google.com/maps/place/Radhe+Rani+Marriage+Garden/data=!4m7!3m6!1s0x396db4ff458ee2d9:0xea1c051a78457975!8m2!3d26.8676958!4d75.7472975!16s%2Fg%2F1tfnrdd3!19sChIJ2eKORf-0bTkRdXlFeBoFHOo?authuser=0&hl=en&rclk=1,4.0,396,Event venue,Open 24 hours,,,,Not Called,None,
Shree Chunniya photo studios,078779 54027,https://shreechunniya.com/,https://www.google.com/maps/place/Shree+Chunniya+photo+studios/data=!4m7!3m6!1s0x396db4fe87cf56e5:0xb608160d5df450de!8m2!3d26.8722548!4d75.7568313!16s%2Fg%2F1ydpv9mc4!19sChIJ5VbPh_60bTkR3lD0XQ0WCLY?authuser=0&hl=en&rclk=1,4.9,834,Event planner,"10/152, Swarn Path",,Open 24 hours,,Not Called,None,
innovative events & weddings,087642 44363,,https://www.google.com/maps/place/innovative+events+%26+weddings/data=!4m7!3m6!1s0x396db5c13b1318db:0x1c70e8c95373cb79!8m2!3d26.8379445!4d75.7417294!16s%2Fg%2F11wn76dh3p!19sChIJ2xgTO8G1bTkRectzU8nocBw?authuser=0&hl=en&rclk=1,4.0,4,Event planner,Open,,· Closes 7 pm,,Not Called,None,
"Shiv Shakti Marriage Garden- Marriage Garden, Banquet Hall Mansarovar In Jaipur",093145 06385,,"https://www.google.com/maps/place/Shiv+Shakti+Marriage+Garden-+Marriage+Garden,+Banquet+Hall+Mansarovar+In+Jaipur/data=!4m7!3m6!1s0x396db5cfd3332bd5:0x1273e9cbbde5ba62!8m2!3d26.8393281!4d75.754966!16s%2Fg%2F11fj4825br!19sChIJ1Ssz08-1bTkRYrrlvcvpcxI?authuser=0&hl=en&rclk=1",4.3,97,Banquet hall,Open 24 hours,,,,Not Called,None,
NEEMRAJ WEDDING PLANNING & MANAGEMENT AND DIGITAL WORLD PHOTOGRAPHY,070237 73956,https://pin.it/31tYQkgG5,https://www.google.com/maps/place/NEEMRAJ+WEDDING+PLANNING+%26+MANAGEMENT+AND+DIGITAL+WORLD+PHOTOGRAPHY/data=!4m7!3m6!1s0x396db51f6412aa05:0x596742689e4ac530!8m2!3d26.823099!4d75.7499465!16s%2Fg%2F11wf_6224m!19sChIJBaoSZB-1bTkRMMVKnmhCZ1k?authuser=0&hl=en&rclk=1,5.0,10,Event planner,·,,Open,,Not Called,None,
Event Anchor- Krishna,080059 14828,,https://www.google.com/maps/place/Event+Anchor-+Krishna/data=!4m7!3m6!1s0x396dcbd8213594ad:0xd94e9c16500c6a13!8m2!3d26.8220255!4d75.7824677!16s%2Fg%2F11yzpczh_q!19sChIJrZQ1IdjLbTkRE2oMUBacTtk?authuser=0&hl=en&rclk=1,5.0,23,Event management company,Open,,· Closes 10 pm,,Not Called,None,
SS dj event & wedding planner,082901 11551,,https://www.google.com/maps/place/SS+dj+event+%26+wedding+planner/data=!4m7!3m6!1s0x396dcb768908c5d9:0x7fd6b841bb3f4609!8m2!3d26.8146392!4d75.7664988!16s%2Fg%2F11ylzssj6v!19sChIJ2cUIiXbLbTkRCUY_u0G41n8?authuser=0&hl=en&rclk=1,4.9,10,Event planner,Open 24 hours,,,,Not Called,None,
"J,P,M events jaipur",070738 69697,https://jpmeventsjaipur.com/,"https://www.google.com/maps/place/J,P,M+events+jaipur/data=!4m7!3m6!1s0x396db5ebfa96602f:0x296893fb5a5b73e6!8m2!3d26.8242694!4d75.7565857!16s%2Fg%2F11z1ntmc5h!19sChIJL2CW-uu1bTkR5nNbWvuTaCk?authuser=0&hl=en&rclk=1",5.0,3,Event planner,·,,Open 24 hours,,Not Called,None,
Decor Town,097990 47673,https://www.decortown.in/,https://www.google.com/maps/place/Decor+Town/data=!4m7!3m6!1s0x396dcbc962bfedd1:0xd74741f84eba0694!8m2!3d26.8154789!4d75.7847324!16s%2Fg%2F11r_qnhg2v!19sChIJ0e2_YsnLbTkRlAa6TvhBR9c?authuser=0&hl=en&rclk=1,4.9,257,Event planner,·,,Open,,Not Called,None,
Eva sky Events and Hospitality.,083026 44929,https://www.instagram.com/evaskyevents?igsh=MXhrMXFydDFsOGV1bQ==&utm_source=qr,https://www.google.com/maps/place/Eva+sky+Events+and+Hospitality./data=!4m7!3m6!1s0x396dc9001acd716f:0xfcef470c0aa65190!8m2!3d26.7997118!4d75.8165355!16s%2Fg%2F11x033txwx!19sChIJb3HNGgDJbTkRkFGmCgxH7_w?authuser=0&hl=en&rclk=1,5.0,94,Event planner,·,,Open,,Not Called,None,
Navaratan Events and Production,080943 39494,,https://www.google.com/maps/place/Navaratan+Events+and+Production/data=!4m7!3m6!1s0x396dc9ca3e609f7f:0xda5e25e500463272!8m2!3d26.7997643!4d75.8189111!16s%2Fg%2F11njml0qlp!19sChIJf59gPsrJbTkRcjJGAOUlXto?authuser=0&hl=en&rclk=1,5.0,13,Event planner,Open,,· Closes 10 pm,,Not Called,None,
The Silver Thread Events,088244 54873,,https://www.google.com/maps/place/The+Silver+Thread+Events/data=!4m7!3m6!1s0x396db50013034d71:0xdd5c5e2124182c50!8m2!3d26.8361569!4d75.7638893!16s%2Fg%2F11ypgbjwlm!19sChIJcU0DEwC1bTkRUCwYJCFeXN0?authuser=0&hl=en&rclk=1,5.0,4,Event management company,Open,,· Closes 8 pm,,Not Called,None,
Royal Event Decoration,,https://www.instagram.com/royal.event.decoration?igsh=ajF1bTlhMWRiZmZs,https://www.google.com/maps/place/Royal+Event+Decoration/data=!4m7!3m6!1s0x396dcbec1caa36b1:0xe0d6b660b243ab18!8m2!3d26.8117336!4d75.7852405!16s%2Fg%2F11yzvhmybt!19sChIJsTaqHOzLbTkRGKtDsmC21uA?authuser=0&hl=en&rclk=1,5.0,3,Wedding planner,,,Open,,Not Called,None,
Balaji Events,086191 33455,,https://www.google.com/maps/place/Balaji+Events/data=!4m7!3m6!1s0x396dcb000ef6dc8d:0x700129c190bed620!8m2!3d26.803358!4d75.7786742!16s%2Fg%2F11z8mm71qk!19sChIJjdz2DgDLbTkRINa-kMEpAXA?authuser=0&hl=en&rclk=1,5.0,2,Event planner,Open 24 hours,,,,Not Called,None,
Sangeeta events Mansrover jaipur,,,https://www.google.com/maps/place/Sangeeta+events+Mansrover+jaipur/data=!4m7!3m6!1s0x396db500539b2327:0x7478a9b06d2c0c69!8m2!3d26.8315455!4d75.7630248!16s%2Fg%2F11ydq2p53r!19sChIJJyObUwC1bTkRaQwsbbCpeHQ?authuser=0&hl=en&rclk=1,5.0,2,Event planner,Open,,· Closes 9 pm,,Not Called,None,
Banwari events jaipur,070141 07709,,https://www.google.com/maps/place/Banwari+events+jaipur/data=!4m7!3m6!1s0x396dc99ee6fca021:0xd141d3f5c92e8793!8m2!3d26.8084134!4d75.8123032!16s%2Fg%2F11v0vm9tt8!19sChIJIaD85p7JbTkRk4cuyfXTQdE?authuser=0&hl=en&rclk=1,5.0,25,Event planner,Open 24 hours,,,,Not Called,None,
Jaipur Events & Decor,096943 86567,https://www.jaipurevents.in/,https://www.google.com/maps/place/Jaipur+Events+%26+Decor/data=!4m7!3m6!1s0x396db5094e3ac091:0x48ff0ffc6ae257c0!8m2!3d26.8870232!4d75.761633!16s%2Fg%2F11w7m4t1_j!19sChIJkcA6Tgm1bTkRwFfiavwP_0g?authuser=0&hl=en&rclk=1,4.9,12,Wedding service,·,,Open 24 hours,,Not Called,None,
Gala Events & Studios,095302 99223,,https://www.google.com/maps/place/Gala+Events+%26+Studios/data=!4m7!3m6!1s0x396db51933d7de43:0x381d4548ad0df754!8m2!3d26.8257792!4d75.7523592!16s%2Fg%2F11h55lw_f5!19sChIJQ97XMxm1bTkRVPcNrUhFHTg?authuser=0&hl=en&rclk=1,5.0,3,Wedding planner,Open,,· Closes 8 pm,,Not Called,None,
Sanwriya Dj & Events,,https://www.instagram.com/sanwariya_dj_events?igsh=dGk0a3poaWg2eXp0,https://www.google.com/maps/place/Sanwriya+Dj+%26+Event%27s/data=!4m7!3m6!1s0x396dcb007b553651:0x5a07ede3106c1658!8m2!3d26.8112484!4d75.7840305!16s%2Fg%2F11x_p25v0m!19sChIJUTZVewDLbTkRWBZsEOPtB1o?authuser=0&hl=en&rclk=1,5.0,29,Wedding planner,"77 Raigro ka bada mohhla, 302029",,Open 24 hours,,Not Called,None,
Wedding FlowTaal - Choreogrpaher,080586 66349,,https://www.google.com/maps/place/Wedding+FlowTaal+-+Choreogrpaher/data=!4m7!3m6!1s0x396dcb90c94455db:0x8546ceab9e933907!8m2!3d26.811288!4d75.8030388!16s%2Fg%2F11z40lbd5x!19sChIJ21VEyZDLbTkRBzmTnqvORoU?authuser=0&hl=en&rclk=1,5.0,3,Event management company,Open 24 hours,,,,Not Called,None,
Jain events jaipur,094140 67577,,https://www.google.com/maps/place/Jain+events+jaipur/data=!4m7!3m6!1s0x396db5cdf046b239:0x9fbc5bda89c2e13e!8m2!3d26.8453962!4d75.7636007!16s%2Fg%2F11yn9k327k!19sChIJObJG8M21bTkRPuHCidpbvJ8?authuser=0&hl=en&rclk=1,5.0,3,Event management company,Open,,· Closes 8 pm,,Not Called,None,
Balaji Electricals Decoration & Events,099298 46540,,https://www.google.com/maps/place/Balaji+Electricals+Decoration+%26+Events/data=!4m7!3m6!1s0x396db5124144e45b:0xd3e1573732a6161b!8m2!3d26.8350519!4d75.7496162!16s%2Fg%2F11zjd59m76!19sChIJW-REQRK1bTkRGxamMjdX4dM?authuser=0&hl=en&rclk=1,4.4,10,Event management company,Open,,· Closes 9:30 pm,,Not Called,None,
Mr_india event and menegmant,063782 95495,https://www.instagram.com/mr._india_85?igsh=b3NsMWQ2bnJxcmE=,https://www.google.com/maps/place/Mr_india+event+and+menegmant/data=!4m7!3m6!1s0x396db5141ce6c6b1:0x130d914e2700603c!8m2!3d26.8393842!4d75.7637936!16s%2Fg%2F11w8yg9l2m!19sChIJscbmHBS1bTkRPGAAJ06RDRM?authuser=0&hl=en&rclk=1,5.0,2,Event management company,·,,Open 24 hours,,Not Called,None,
Jaipur events,076270 16987,,https://www.google.com/maps/place/Jaipur+events/data=!4m7!3m6!1s0x396dcbfa37220cad:0x5918dc822a0642!8m2!3d26.8188611!4d75.7820911!16s%2Fg%2F11rgv_44y_!19sChIJrQwiN_rLbTkRQgYqgtwYWQA?authuser=0&hl=en&rclk=1,4.3,6,Event management company,Open 24 hours,,,,Not Called,None,
Delightful Gala Events,096022 60749,,https://www.google.com/maps/place/Delightful+Gala+Events/data=!4m7!3m6!1s0x396db58451ca4833:0xddc5bca11e048d4e!8m2!3d26.8319862!4d75.7681866!16s%2Fg%2F11td43rq2p!19sChIJM0jKUYS1bTkRTo0EHqG8xd0?authuser=0&hl=en&rclk=1,5.0,1,Event management company,Open,,· Closes 5 pm,,Not Called,None,
Bagda events & dj,099281 33354,,https://www.google.com/maps/place/Bagda+events+%26+dj/data=!4m7!3m6!1s0x396dcb7ff8ca3dd5:0x27fa71e678a0dda!8m2!3d26.8128006!4d75.7824168!16s%2Fg%2F11yrdzzrpg!19sChIJ1T3K-H_LbTkR2g2KZx6nfwI?authuser=0&hl=en&rclk=1,5.0,8,Event management company,,,,,Not Called,None,
R.V event management company,,,https://www.google.com/maps/place/R.V+event+management+company/data=!4m7!3m6!1s0x396db5e12de25ccf:0xc12e7a55434fffa7!8m2!3d26.827798!4d75.8060001!16s%2Fg%2F11fsnbp052!19sChIJz1ziLeG1bTkRp_9PQ1V6LsE?authuser=0&hl=en&rclk=1,5.0,12,Event management company,,,,,Not Called,None,
NAEMD - JAIPUR | Event Management Institute | Best Event Management Courses,086902 22910,https://www.naemd.com/,https://www.google.com/maps/place/NAEMD+-+JAIPUR+%7C+Event+Management+Institute+%7C+Best+Event+Management+Courses/data=!4m7!3m6!1s0x396db4249f8d8ff5:0xd919d131f897b827!8m2!3d26.831439!4d75.7793558!16s%2Fg%2F1td6wj9x!19sChIJ9Y-NnyS0bTkRJ7iX-DHRGdk?authuser=0&hl=en&rclk=1,4.6,215,College,"PHD House, Plot No. G 68 (C B2 Bye Pass Road",,Open,,Not Called,None,
Maa Laxmi Balloon & Light Decoration,088903 54995,,https://www.google.com/maps/place/Maa+Laxmi+Balloon+%26+Light+Decoration/data=!4m7!3m6!1s0x396dcbeca185f351:0x694ed296e4209937!8m2!3d26.8179426!4d75.7884017!16s%2Fg%2F11t6h__wm4!19sChIJUfOFoezLbTkRN5kg5JbSTmk?authuser=0&hl=en&rclk=1,4.7,16,Event management company,Open 24 hours,,,,Not Called,None,
Event Fiesta,094144 46498,,https://www.google.com/maps/place/Event+Fiesta/data=!4m7!3m6!1s0x396db5db2909dd71:0xad0d196a101fc6ce!8m2!3d26.8579611!4d75.7960703!16s%2Fg%2F11bwfm77z0!19sChIJcd0JKdu1bTkRzsYfEGoZDa0?authuser=0&hl=en&rclk=1,4.8,79,Event management company,Open 24 hours,,,,Not Called,None,
The Candle Canvas,,,https://www.google.com/maps/place/The+Candle+Canvas/data=!4m7!3m6!1s0x396db5002da87bfd:0xdafae4b69a4e55a5!8m2!3d26.8282076!4d75.7711027!16s%2Fg%2F11z4vptn90!19sChIJ_XuoLQC1bTkRpVVOmrbk-to?authuser=0&hl=en&rclk=1,5.0,1,Event management company,,,,,Not Called,None,
MG Event & Entertainment,099283 75154,,https://www.google.com/maps/place/MG+Event+%26+Entertainment/data=!4m7!3m6!1s0x396dc9d8753ea0b3:0x4bb5a0a89132ed78!8m2!3d26.8311304!4d75.8414112!16s%2Fg%2F11clw7p3xy!19sChIJs6A-ddjJbTkReO0ykaigtUs?authuser=0&hl=en&rclk=1,4.8,58,Event management company,Open 24 hours,,,,Not Called,None,
Celebration Management,092510 05522,https://www.celebrationmanagement.in/,https://www.google.com/maps/place/Celebration+Management/data=!4m7!3m6!1s0x396db7d5ad6ee917:0xd20625841ce15b8d!8m2!3d26.8323613!4d75.8348807!16s%2Fg%2F11vkrjg5nw!19sChIJF-lurdW3bTkRjVvhHIQlBtI?authuser=0&hl=en&rclk=1,5.0,68,Event management company,·,,Open 24 hours,,Not Called,None,
Preetesh Event & Entertainment,097840 10944,http://www.preeteshevents.com/,https://www.google.com/maps/place/Preetesh+Event+%26+Entertainment/data=!4m7!3m6!1s0x396db41a5b55ce19:0x4730b544e87ecaa2!8m2!3d26.8413829!4d75.8064422!16s%2Fg%2F11cm08dl7g!19sChIJGc5VWxq0bTkRosp-6ES1MEc?authuser=0&hl=en&rclk=1,4.7,34,Event management company,·,,Open 24 hours,,Not Called,None,
Deepika Events,,,https://www.google.com/maps/place/Deepika+Events/data=!4m7!3m6!1s0x396dc9628ad558e5:0xc9f61dce7ea676df!8m2!3d26.7906108!4d75.8150785!16s%2Fg%2F11z5qd_xh6!19sChIJ5VjVimLJbTkR33amfs4d9sk?authuser=0&hl=en&rclk=1,2.3,3,Event planner,Open 24 hours,,,,Not Called,None,
G5 production event planner,,,https://www.google.com/maps/place/G5+production+event+planner/data=!4m7!3m6!1s0x396db50005e387dd:0xc3ee8142d40f012b!8m2!3d26.8366375!4d75.7650164!16s%2Fg%2F11zcvp6h_t!19sChIJ3YfjBQC1bTkRKwEP1EKB7sM?authuser=0&hl=en&rclk=1,,,Event management company,,,,,Not Called,None,
Sharma Haveli,,,https://www.google.com/maps/place/Sharma+Haveli/data=!4m7!3m6!1s0x396dcb007e313575:0x3aafa4c9b91c1f8e!8m2!3d26.8205721!4d75.7648408!16s%2Fg%2F11z402ckp8!19sChIJdTUxfgDLbTkRjh8cucmkrzo?authuser=0&hl=en&rclk=1,,,Event management company,Open,,· Closes 7 pm,,Not Called,None,
Milestone Entertainment,088290 10501,https://www.milestoneevent.in/,https://www.google.com/maps/place/Milestone+Entertainment/data=!4m7!3m6!1s0x396db60775162679:0x7eaff877dc7be05b!8m2!3d26.8362688!4d75.808321!16s%2Fg%2F11b6j7v6ng!19sChIJeSYWdQe2bTkRW-B73Hf4r34?authuser=0&hl=en&rclk=1,4.3,30,Event management company,"E-128 Saraswati Nagar, Behind Gold Sukh, Jawahar Circle",,Open,,Not Called,None,
Mj wedding events,099298 34091,,https://www.google.com/maps/place/Mj+wedding+events/data=!4m7!3m6!1s0x396dcb32d4e51b9d:0xa6bb80ace20b21ab!8m2!3d26.8149837!4d75.7971507!16s%2Fg%2F11m5lpcg1g!19sChIJnRvl1DLLbTkRqyEL4qyAu6Y?authuser=0&hl=en&rclk=1,5.0,3,Event planner,,,,,Not Called,None,
Event By Sam - Event Company In Jaipur,,https://www.eventbysam.com/,https://www.google.com/maps/place/Event+By+Sam+-+Event+Company+In+Jaipur/data=!4m7!3m6!1s0x48e563882314e0fb:0x23bae9a79313902d!8m2!3d21.0680074!4d82.7525294!16s%2Fg%2F11x11qxmdv!19sChIJ--AUI4hj5UgRLZATk6fpuiM?authuser=0&hl=en&rclk=1,4.6,8,Event management company,,,Open,,Not Called,None,
Shree Events and Decoration,091661 31146,https://www.shreeeventsanddecoration.com/,https://www.google.com/maps/place/Shree+Events+and+Decoration/data=!4m7!3m6!1s0x396db5cd1baf3175:0x13a2fea706e342fd!8m2!3d26.8719684!4d75.796011!16s%2Fg%2F11w9zftvkb!19sChIJdTGvG821bTkR_ULjBqf-ohM?authuser=0&hl=en&rclk=1,5.0,17,Event management company,·,,Open,,Not Called,None,
Vivan garden,093145 12914,,https://www.google.com/maps/place/Vivan+garden/data=!4m7!3m6!1s0x396db5a1b63e528d:0xd9f404f02820e7be!8m2!3d26.8490637!4d75.763037!16s%2Fg%2F11dyn_67n3!19sChIJjVI-tqG1bTkRvucgKPAE9Nk?authuser=0&hl=en&rclk=1,4.3,204,Event venue,Open 24 hours,,·,,Not Called,None,
SHREE BALAJI CATERERS AND EVENTS AND SERVICES,096491 50313,,https://www.google.com/maps/place/SHREE+BALAJI+CATERERS+AND+EVENTS+AND+SERVICES/data=!4m7!3m6!1s0x396db5e767ca12cb:0x1d9969495d0d4719!8m2!3d26.8295519!4d75.7737754!16s%2Fg%2F11yb1y8xg_!19sChIJyxLKZ-e1bTkRGUcNXUlpmR0?authuser=0&hl=en&rclk=1,5.0,26,Wedding planner,,,,,Not Called,None,
M two india,,,https://www.google.com/maps/place/M+two+india/data=!4m7!3m6!1s0x396dcb146a40a3ed:0xac5ba24ebe86e88b!8m2!3d26.8163053!4d75.7720805!16s%2Fg%2F11t1j8my00!19sChIJ7aNAahTLbTkRi-iGvk6iW6w?authuser=0&hl=en&rclk=1,5.0,5,Event management company,Open now,,,,Not Called,None,
Red Apple Media & Entertainment,083022 98787,http://www.redappmedia.com/,https://www.google.com/maps/place/Red+Apple+Media+%26+Entertainment/data=!4m7!3m6!1s0x396db46879059021:0x7b3ff72b9519bd2a!8m2!3d26.8826944!4d75.7610491!16s%2Fg%2F11c6qrn47w!19sChIJIZAFeWi0bTkRKr0ZlSv3P3s?authuser=0&hl=en&rclk=1,3.5,37,Event management company,·,,Open,,Not Called,None,
The Morningstar Events,,,https://www.google.com/maps/place/The+Morningstar+Events/data=!4m7!3m6!1s0x396dcb0035ec8915:0x5bec21ceb26f0ba6!8m2!3d26.8175705!4d75.7847948!16s%2Fg%2F11mt5vkl6n!19sChIJFYnsNQDLbTkRpgtvss4h7Fs?authuser=0&hl=en&rclk=1,,,Film Production Company,Open,,· Closes 5 pm,,Not Called,None,
JAIPUR DECORATIONS,089498 51691,https://jaipurdecorations.in/,https://www.google.com/maps/place/JAIPUR+DECORATIONS/data=!4m7!3m6!1s0x6b0dd8e16e6de2d7:0x917bba0da46ad82e!8m2!3d26.812292!4d75.7882!16s%2Fg%2F11wjdk1gxr!19sChIJ1-JtbuHYDWsRLthqpA26e5E?authuser=0&hl=en&rclk=1,4.8,4,Event management company,,,Open 24 hours,,Not Called,None,
ICE India | Corporate Event Management & MICE Travel Agency,,https://www.iceindia.biz/,https://www.google.com/maps/place/ICE+India+%7C+Corporate+Event+Management+%26+MICE+Travel+Agency/data=!4m7!3m6!1s0x396db5e8e6089749:0x2c746450737ef269!8m2!3d26.8771916!4d75.7614386!16s%2Fg%2F11wth01yw3!19sChIJSZcI5ui1bTkRafJ-c1BkdCw?authuser=0&hl=en&rclk=1,,,Event management company,,,Open,,Not Called,None,
Shreyaansh Paradise,,,https://www.google.com/maps/place/Shreyaansh+Paradise/data=!4m7!3m6!1s0x396db59b092a453f:0xed73b5009628daf!8m2!3d26.8375975!4d75.7678545!16s%2Fg%2F12hnt_4s0!19sChIJP0UqCZu1bTkRr41iCVA71w4?authuser=0&hl=en&rclk=1,3.9,180,Wedding venue,,,,,Not Called,None,
Nikhil Events & Fireworks,077289 72684,https://www.instagram.com/nikhil_event2010?igsh=MWYzMjNqbWpwaXk0eQ==,https://www.google.com/maps/place/Nikhil+Events+%26+Fireworks/data=!4m7!3m6!1s0x396db745e845a857:0x72470e79df51acaa!8m2!3d26.8312914!4d75.8341285!16s%2Fg%2F11xfyy31hw!19sChIJV6hF6EW3bTkRqqxR33kOR3I?authuser=0&hl=en&rclk=1,4.7,25,Event management company,·,,Open,,Not Called,None,
Anjels group of event management,090245 52329,,https://www.google.com/maps/place/Anjels+group+of+event+management/data=!4m7!3m6!1s0x396db7b09808c54f:0x3fe49caf40a8a6d2!8m2!3d26.5994235!4d75.9938454!16s%2Fg%2F11fhvxwnk0!19sChIJT8UImLC3bTkR0qaoQK-c5D8?authuser=0&hl=en&rclk=1,5.0,8,Event management company,Open 24 hours,,,,Not Called,None,
Mahesh Sound & Light Decorators & Event,093140 24818,,https://www.google.com/maps/place/Mahesh+Sound+%26+Light+Decorators+%26+Event/data=!4m7!3m6!1s0x396db43801a6fe0d:0x76d85d3a13ff24de!8m2!3d26.8191977!4d75.7664083!16s%2Fg%2F1ydpvb8w0!19sChIJDf6mATi0bTkR3iT_Ezpd2HY?authuser=0&hl=en&rclk=1,4.0,2,Event planner,Open 24 hours,,,,Not Called,None,
Spark Edge Events,,https://sparkedgeevents.com/,https://www.google.com/maps/place/Spark+Edge+Events/data=!4m7!3m6!1s0x7b3481cd8503abf:0x5a1940555270b200!8m2!3d21.0680074!4d82.7525294!16s%2Fg%2F11yxfzxgbl!19sChIJvzpQ2BxIswcRALJwUlVAGVo?authuser=0&hl=en&rclk=1,,,Event management company,,,Open 24 hours,,Not Called,None,
ATAW Event Management Company Rajasthan,082990 94700,https://www.atawevents.in/,https://www.google.com/maps/place/ATAW+Event+Management+Company+Rajasthan/data=!4m7!3m6!1s0x8d9eeeab3c75e235:0x7f06de76472aa0c8!8m2!3d26.6284062!4d73.8783471!16s%2Fg%2F11x664jc2n!19sChIJNeJ1PKvuno0RyKAqR3beBn8?authuser=0&hl=en&rclk=1,5.0,4,Event management company,,,Open 24 hours,,Not Called,None,
FJ ROYAL EVENTS TRADER,085294 00224,,https://www.google.com/maps/place/FJ+ROYAL+EVENT%27S+TRADER/data=!4m7!3m6!1s0x396db578206392fd:0xafd61e27709330d7!8m2!3d21.0680074!4d82.7525294!16s%2Fg%2F11w1zq8rk8!19sChIJ_ZJjIHi1bTkR1zCTcCce1q8?authuser=0&hl=en&rclk=1,5.0,4,Event management company,Open 24 hours,,,,Not Called,None,
Rohit event management,085620 67086,,https://www.google.com/maps/place/Rohit+event+management/data=!4m7!3m6!1s0x396db5f92194b423:0xc297dd40f5b1c5f1!8m2!3d26.8568494!4d75.7645524!16s%2Fg%2F11lyccq_vd!19sChIJI7SUIfm1bTkR8cWx9UDdl8I?authuser=0&hl=en&rclk=1,5.0,2,Travel agency,Open,,· Closes 5 pm,,Not Called,None,
The Ocean Palace & Marriage Garden,,,https://www.google.com/maps/place/The+Ocean+Palace+%26+Marriage+Garden/data=!4m7!3m6!1s0x396db5256d4e34f1:0x70d728c389c17245!8m2!3d26.8452638!4d75.7647557!16s%2Fg%2F11h2hmr3qw!19sChIJ8TRObSW1bTkRRXLBicMo13A?authuser=0&hl=en&rclk=1,4.0,209,Wedding venue,Open,,· Closes 10:30 pm,,Not Called,None,
Simran Pradise,,,https://www.google.com/maps/place/Simran+Pradise/data=!4m7!3m6!1s0x396dcb2b87993891:0x43f4690ae6a8a03c!8m2!3d26.8202392!4d75.764295!16s%2Fg%2F11ffvs2m9z!19sChIJkTiZhyvLbTkRPKCo5gpp9EM?authuser=0&hl=en&rclk=1,4.2,295,Event venue,Open 24 hours,,,,Not Called,None,
Two Be Knot Event Planning Company,083067 62245,,https://www.google.com/maps/place/Two+Be+Knot+Event+Planning+Company/data=!4m7!3m6!1s0x396db50ec8812f71:0xffba8c5af1d8e8dd!8m2!3d21.0680074!4d82.7525294!16s%2Fg%2F11lf_074zm!19sChIJcS-ByA61bTkR3ejY8VqMuv8?authuser=0&hl=en&rclk=1,5.0,3,Event management company,Open 24 hours,,,,Not Called,None,
TRIPEX WORLD PVT. LTD.,,http://www.tripexweorld.com/,https://www.google.com/maps/place/TRIPEX+WORLD+PVT.+LTD./data=!4m7!3m6!1s0x396db559c4717a17:0xa36d0db579a590ef!8m2!3d26.8494522!4d75.7610985!16s%2Fg%2F11q2yfqqb2!19sChIJF3pxxFm1bTkR75ClebUNbaM?authuser=0&hl=en&rclk=1,4.7,252,Tour operator,,,Open,,Not Called,None,
Om Shivanand Paradise,099825 00051,,https://www.google.com/maps/place/Om+Shivanand+Paradise/data=!4m7!3m6!1s0x396db584fd3f4a49:0x93f1e64207e49ed4!8m2!3d26.8539921!4d75.7519149!16s%2Fg%2F11j8p91g7_!19sChIJSUo__YS1bTkR1J7kB0Lm8ZM?authuser=0&hl=en&rclk=1,4.4,42,Wedding venue,Open 24 hours,,,,Not Called,None,
M L Caterers,088755 50777,https://www.mlcaterers.com/,https://www.google.com/maps/place/M+L+Caterers/data=!4m7!3m6!1s0x396dc99d1c7200ef:0xbbcd2c048ed0c0c8!8m2!3d26.8091261!4d75.7853598!16s%2Fg%2F1tkrk63r!19sChIJ7wByHJ3JbTkRyMDQjgQszbs?authuser=0&hl=en&rclk=1,4.9,360,Event planner,"Teja Ji ka Bada, 57, Diggi Malpura Road",,Open,,Not Called,None,
wedding shagun catering services,,https://www.weddingshagun.com/wedding,https://www.google.com/maps/place/wedding+shagun+catering+services/data=!4m7!3m6!1s0x441e3ffdb9210aa9:0x44dd3ca31f6cd9c3!8m2!3d26.8852108!4d75.7905578!16s%2Fg%2F11vxty5j8x!19sChIJqQohuf0_HkQRw9lsH6M83UQ?authuser=0&hl=en&rclk=1,4.5,22,Caterer,,,Open,,Not Called,None,
HARI VAN - A Royal wedding Destination,098290 42621,http://www.harivan.com/,https://www.google.com/maps/place/HARI+VAN+-+A+Royal+wedding+Destination/data=!4m7!3m6!1s0x396dca82743b43a1:0x2cbb164c35ab82a1!8m2!3d26.8221325!4d75.7533684!16s%2Fg%2F11d_thwj5d!19sChIJoUM7dILKbTkRoYKrNUwWuyw?authuser=0&hl=en&rclk=1,4.4,968,Event venue,"KESAR CHOURAHA, Rampura Rd",,Open,,Not Called,None,
Aman Khandelwal,070733 88623,,https://www.google.com/maps/place/Aman+Khandelwal/data=!4m7!3m6!1s0x396dcb67b1b4a041:0xee68c448668a509a!8m2!3d26.819358!4d75.793719!16s%2Fg%2F11hz9btpqr!19sChIJQaC0sWfLbTkRmlCKZkjEaO4?authuser=0&hl=en&rclk=1,5.0,1,Event management company,Open,,· Closes 8 pm,,Not Called,None,
Balaji Dj Sound S Events,096102 02727,,https://www.google.com/maps/place/Balaji+Dj+Sound+S+Events/data=!4m7!3m6!1s0x396dca7fd7d10c27:0xf694acdd8289894e!8m2!3d26.8207507!4d75.7604398!16s%2Fg%2F11td8chgg2!19sChIJJwzR13_KbTkRTomJgt2slPY?authuser=0&hl=en&rclk=1,5.0,2,Business related,Open now,,,,Not Called,None,
Cordial Event Management,073397 61102,https://www.cordial.events/,https://www.google.com/maps/place/Cordial+Event+Management/data=!4m7!3m6!1s0x27fe5b38d82c5383:0x7e074de4d30f76e2!8m2!3d26.8852108!4d75.7905578!16s%2Fg%2F11y_qqwpjv!19sChIJg1Ms2Dhb_icR4nYP0-RNB34?authuser=0&hl=en&rclk=1,,,Event management company,,,Open 24 hours,,Not Called,None,
Renew Dance Academy & event company · Visited link,079768 89461,,https://www.google.com/maps/place/Renew+Dance+Academy+%26+event+company/data=!4m7!3m6!1s0x396dca05a16f9d33:0xf60a4d50d4e37613!8m2!3d26.8185183!4d75.7966633!16s%2Fg%2F11cmyxsht3!19sChIJM51voQXKbTkRE3bj1FBNCvY?authuser=0&hl=en&rclk=1,4.9,88,Dance school,Open,,· Closes 9 pm,,Not Called,None,
Pink city decoration,080009 89153,https://pinkcitydecoration.in/,https://www.google.com/maps/place/Pink+city+decoration/data=!4m7!3m6!1s0x45fc86d236d9974b:0x51e413630c0546ea!8m2!3d26.865792!4d75.7592104!16s%2Fg%2F11mkzkj_33!19sChIJS5fZNtKG_EUR6kYFDGMT5FE?authuser=0&hl=en&rclk=1,4.6,20,Event management company,,,Open 24 hours,,Not Called,None,
The Forth Event Management,077370 27113,https://forthevent.in/,https://www.google.com/maps/place/The+Forth+Event+Management/data=!4m7!3m6!1s0x396db3b0f3d11c71:0x24ba2b80d5ee6bf1!8m2!3d26.9564423!4d75.7765754!16s%2Fg%2F11b6srj5f3!19sChIJcRzR87CzbTkR8Wvu1YAruiQ?authuser=0&hl=en&rclk=1,4.3,9,Event management company,"FIRST FLOOR, Natani Tower, 6B, Sector 1 Rd",,Open,,Not Called,None,
Garima Decoration,085039 70087,https://www.garimadecoration.com/,https://www.google.com/maps/place/Garima+Decoration/data=!4m7!3m6!1s0x396dc9c0c0e9fd19:0xc651cad7fbe6284a!8m2!3d26.8016429!4d75.818151!16s%2Fg%2F11gzs52z0z!19sChIJGf3pwMDJbTkRSijm-9fKUcY?authuser=0&hl=en&rclk=1,4.6,53,Event management company,Open,,· Closes 8 pm,,Not Called,None,
Jai shree Krishna Tent & Events,099825 29008,https://jsktentandevents.com/,https://www.google.com/maps/place/Jai+shree+Krishna+Tent+%26+Events/data=!4m7!3m6!1s0x396db76d25cd4727:0x28b3e6db4939e4ed!8m2!3d26.7961355!4d75.8575564!16s%2Fg%2F11g0gn91nn!19sChIJJ0fNJW23bTkR7eQ5Sdvmsyg?authuser=0&hl=en&rclk=1,4.9,598,Tent House Supplier,Open,,· Closes 8 pm,,Not Called,None,
Saini decoration & events,080059 94363,,https://www.google.com/maps/place/Saini+decoration+%26+events/data=!4m7!3m6!1s0x396db5b04ef29ec7:0x4204b706d0612aa1!8m2!3d26.8883395!4d75.7955778!16s%2Fg%2F11ng0m22my!19sChIJx57yTrC1bTkRoSph0Aa3BEI?authuser=0&hl=en&rclk=1,5.0,199,Event management company,Open,,· Closes 10 pm,,Not Called,None,
Jaipur Birthday Decor,097997 37222,http://jaipurbirthdaydecor.com/,https://www.google.com/maps/place/Jaipur+Birthday+Decor/data=!4m7!3m6!1s0x396db5a4251a6a33:0xf6b6aaed55a4574f!8m2!3d26.8717916!4d75.7757073!16s%2Fg%2F11css0d2kd!19sChIJM2oaJaS1bTkRT1ekVe2qtvY?authuser=0&hl=en&rclk=1,4.5,215,Party planner,Open,,· Closes 9 pm,,Not Called,None,
Subham Events & Flower Decorators,098298 51555,,https://www.google.com/maps/place/Subham+Events+%26+Flower+Decorators/data=!4m7!3m6!1s0x396db57a664e2e79:0x97442e390012394f!8m2!3d26.8463724!4d75.7953862!16s%2Fg%2F11fmzgq7b_!19sChIJeS5OZnq1bTkRTzkSADkuRJc?authuser=0&hl=en&rclk=1,4.8,25,Event planner,Open 24 hours,,"Tamara Marriage Garden Durgapura, Durga pura, near BSNL CSC Durgapura Tonk Road Jaipur",,Not Called,None,
The Eventor Mosaic Decoration,,,https://www.google.com/maps/place/The+Eventor+Mosaic+Decoration/data=!4m7!3m6!1s0x396dc96ac81ae3ff:0xc16efeb44f3b0406!8m2!3d26.8024137!4d75.833845!16s%2Fg%2F11tdkzk90k!19sChIJ_-MayGrJbTkRBgQ7T7T-bsE?authuser=0&hl=en&rclk=1,4.9,11,Event planner,Open,,· Closes 6 pm,,Not Called,None,
FOREVER LUX EVENTS,088907 54857,,https://www.google.com/maps/place/FOREVER+LUX+EVENTS/data=!4m7!3m6!1s0x396db5fd806a161f:0xae0d143872896725!8m2!3d26.8370385!4d75.7909552!16s%2Fg%2F11myvdhbty!19sChIJHxZqgP21bTkRJWeJcjgUDa4?authuser=0&hl=en&rclk=1,5.0,9,Event planner,Open 24 hours,,,,Not Called,None,
Dream Celebration,080057 62354,,https://www.google.com/maps/place/Dream+Celebration/data=!4m7!3m6!1s0x396db53a821e6be9:0x57b421bde3928681!8m2!3d26.8718125!4d75.7755989!16s%2Fg%2F11j32y7rfx!19sChIJ6Wsegjq1bTkRgYaS470htFc?authuser=0&hl=en&rclk=1,4.8,159,Event management company,Open 24 hours,,,,Not Called,None,
MahiDecor,081188 36150,,https://www.google.com/maps/place/MahiDecor/data=!4m7!3m6!1s0x396dcb4709d100ef:0xa5ce3b8d031521a9!8m2!3d26.823101!4d75.7915746!16s%2Fg%2F11tnwcpcc_!19sChIJ7wDRCUfLbTkRqSEVA407zqU?authuser=0&hl=en&rclk=1,5.0,5,Event planner,Open,,· Closes 9 pm,,Not Called,None,
Golden Jacquard Events,082099 68710,,https://www.google.com/maps/place/Golden+Jacquard+Events/data=!4m7!3m6!1s0x396db551342afb31:0xabee159321418db0!8m2!3d26.8400336!4d75.7479464!16s%2Fg%2F11vqj6zsfz!19sChIJMfsqNFG1bTkRsI1BIZMV7qs?authuser=0&hl=en&rclk=1,4.5,17,Wedding planner,Open now,,,,Not Called,None,
Ashu Flower decoration and wedding planner,090791 51612,http://www.ashuflowerdecoretionandweddingplanner.com/,https://www.google.com/maps/place/Ashu+Flower+decoration+and+wedding+planner/data=!4m7!3m6!1s0x396dc9b322e5a1d3:0xc01cfdf938df70cc!8m2!3d26.7986314!4d75.8126557!16s%2Fg%2F11h6qdhb3h!19sChIJ06HlIrPJbTkRzHDfOPn9HMA?authuser=0&hl=en&rclk=1,5.0,31,Wedding planner,Open 24 hours,,,,Not Called,None,
Harshit paints and home decor,096360 73006,https://g.co/kgs/JttuC2F,https://www.google.com/maps/place/Harshit+paints+and+home+decor/data=!4m7!3m6!1s0x396dcb988991385b:0x77d3b8b22d2abe5c!8m2!3d26.8176325!4d75.7645008!16s%2Fg%2F11vx2d1m53!19sChIJWziRiZjLbTkRXL4qLbK403c?authuser=0&hl=en&rclk=1,4.8,375,Interior Decorator,Open 24 hours,,,,Not Called,None,
Jaipur Decoration,079762 97425,,https://www.google.com/maps/place/Jaipur+Decoration/data=!4m7!3m6!1s0x396db5b2c21e0505:0xa77d61453d1b6054!8m2!3d26.8715592!4d75.7460937!16s%2Fg%2F11vlzlr9_3!19sChIJBQUewrK1bTkRVGAbPUVhfac?authuser=0&hl=en&rclk=1,5.0,2,Event management company,Open 24 hours,,,,Not Called,None,
Event Decorations Jaipur,085609 91725,,https://www.google.com/maps/place/Event+Decorations+Jaipur/data=!4m7!3m6!1s0x396db5df0619e267:0x4c5201daf2d11317!8m2!3d26.8882247!4d75.7611132!16s%2Fg%2F11y43yl6sj!19sChIJZ-IZBt-1bTkRFxPR8toBUkw?authuser=0&hl=en&rclk=1,5.0,2,Event planner,Open 24 hours,,,,Not Called,None,
Bellavista party decoration,,https://sites.google.com/view/bellavistapartydecoration/home,https://www.google.com/maps/place/Bellavista+party+decoration/data=!4m7!3m6!1s0x2852262aa696806b:0xc7b8a1e5f9d9b62!8m2!3d27.2871214!4d75.4839992!16s%2Fg%2F11xlqg8j99!19sChIJa4CWpiomUigRYpudXx6Keww?authuser=0&hl=en&rclk=1,5.0,5,Event planner,Open 24 hours,,,,Not Called,None,
Interior Decorators Jaipur,096109 94969,https://interiordecoratorsjaipur.in/,https://www.google.com/maps/place/Interior+Decorators+Jaipur/data=!4m7!3m6!1s0x396db5a1f5ed4ae3:0x88910c266a0d7dc8!8m2!3d26.847782!4d75.766169!16s%2Fg%2F11c1n6kyj9!19sChIJ40rt9aG1bTkRyH0NaiYMkYg?authuser=0&hl=en&rclk=1,4.8,135,Interior designer,Open 24 hours,,,,Not Called,None,
Nishu Decors,,,https://www.google.com/maps/place/Nishu+Decors/data=!4m7!3m6!1s0x396dc900470803d1:0xaf97e67fcf95ea31!8m2!3d26.8110783!4d75.8174617!16s%2Fg%2F11mz2pch6y!19sChIJ0QMIRwDJbTkRMeqVz3_ml68?authuser=0&hl=en&rclk=1,4.9,7,Event planner,Open 24 hours,,,,Not Called,None,
ROYAL RAJASTHAN WEDDING,099829 44888,https://royalrajasthanwedding.in/,https://www.google.com/maps/place/ROYAL+RAJASTHAN+WEDDING/data=!4m7!3m6!1s0x396db56028eb62c3:0x56a93c48bc9bcffc!8m2!3d26.8335596!4d75.8037588!16s%2Fg%2F11rpbrncpz!19sChIJw2LrKGC1bTkR_M-bvEg8qVY?authuser=0&hl=en&rclk=1,4.8,71,Wedding planner,Open,,· Closes 6 pm,,Not Called,None,
The RG Events & Decoration India,072979 37734,https://www.rgevents.in/,https://www.google.com/maps/place/The+RG+Events+%26+Decoration+India/data=!4m7!3m6!1s0x396db151b132012b:0x44afab1577a8f691!8m2!3d26.9291248!4d75.8165935!16s%2Fg%2F11c6rhnyyc!19sChIJKwEysVGxbTkRkfaodxWrr0Q?authuser=0&hl=en&rclk=1,4.1,426,Event management company,Open,,· Closes 11 pm,,Not Called,None,
"Wedding Decor in Jaipur- Best Indian wedding Decorator jaipur,Rajasthan",,https://www.facebook.com/share/1H15AoX8YY/,"https://www.google.com/maps/place/Wedding+Decor+in+Jaipur-+Best+Indian+wedding+Decorator+jaipur,Rajasthan/data=!4m7!3m6!1s0x396db6bef8eaaf8d:0xd6f289a6ea5f6e25!8m2!3d26.9018993!4d75.8261734!16s%2Fg%2F1pp2x80kz!19sChIJja_q-L62bTkRJW5f6qaJ8tY?authuser=0&hl=en&rclk=1",3.8,40,Event planner,Open,,· Closes 8 pm,,Not Called,None,
Partiana,091167 79504,,https://www.google.com/maps/place/Partiana/data=!4m7!3m6!1s0x396db7e3d4298303:0xf952c58aa6fd92f7!8m2!3d26.8852108!4d75.7905578!16s%2Fg%2F11q1tmt14p!19sChIJA4Mp1OO3bTkR95L9porFUvk?authuser=0&hl=en&rclk=1,4.9,37,Event planner,Open 24 hours,,,,Not Called,None,
Jaipur Decor,098294 55525,https://www.jaipurdecor.in/,https://www.google.com/maps/place/Jaipur+Decor/data=!4m7!3m6!1s0x64ba01290f77bc0d:0xa37900009f3184ef!8m2!3d26.8852108!4d75.7905578!16s%2Fg%2F11y4q69lbv!19sChIJDbx3DykBumQR74QxnwAAeaM?authuser=0&hl=en&rclk=1,5.0,36,Aadhaar center,Open 24 hours,,,,Not Called,None,
Houzparty - Best House Party & Event Planner in Jaipur,098283 09309,https://houzparty.com/,https://www.google.com/maps/place/Houzparty+-+Best+House+Party+%26+Event+Planner+in+Jaipur/data=!4m7!3m6!1s0x396db515d166d9e5:0x74aa56b61f0d1865!8m2!3d26.8710337!4d75.7764652!16s%2Fg%2F11j1l2sgdg!19sChIJ5dlm0RW1bTkRZRgNH7ZWqnQ?authuser=0&hl=en&rclk=1,5.0,13,Party planner,Open now,,,,Not Called,None,
Light decoration - mohit electronics decoration,093511 57753,,https://www.google.com/maps/place/Light+decoration+-+mohit+electronics+decoration/data=!4m7!3m6!1s0x396db71108070e87:0xecf141276decb5db!8m2!3d26.8381818!4d75.8148742!16s%2Fg%2F11yj5rdvm_!19sChIJhw4HCBG3bTkR27XsbSdB8ew?authuser=0&hl=en&rclk=1,5.0,10,Wedding service,Open,,· Closes 10:30 pm,,Not Called,None,
Party Central,078509 25306,,https://www.google.com/maps/place/Party+Central/data=!4m7!3m6!1s0x396db53e91ce62fd:0x65407e853877e1e4!8m2!3d26.8852108!4d75.7905578!16s%2Fg%2F11gw1cmk46!19sChIJ_WLOkT61bTkR5OF3OIV-QGU?authuser=0&hl=en&rclk=1,5.0,13,Event planner,Open 24 hours,,,,Not Called,None,
Eden Garden and Resorts ( Best Marriage Garden In Jaipur ),086909 22011,http://edengardenandresorts.in/,https://www.google.com/maps/place/Eden+Garden+and+Resorts+%28+Best+Marriage+Garden+In+Jaipur+%29/data=!4m7!3m6!1s0x396db57fdeda14fd:0x999485b9c6af01a2!8m2!3d26.8232867!4d75.7495789!16s%2Fg%2F11t9d1ds9h!19sChIJ_RTa3n-1bTkRogGvxrmFlJk?authuser=0&hl=en&rclk=1,4.4,328,Wedding venue,Open 24 hours,,,,Not Called,None,
Peepliwal events jaipur,096801 40228,http://www.peepliwalevents.in/,https://www.google.com/maps/place/Peepliwal+events+jaipur/data=!4m7!3m6!1s0x396dc9af500d5d7d:0x7cc5121dd5848f4c!8m2!3d26.7986024!4d75.8142423!16s%2Fg%2F11yb4gmkmd!19sChIJfV0NUK_JbTkRTI-E1R0SxXw?authuser=0&hl=en&rclk=1,5.0,4,Event planner,Open 24 hours,,,,Not Called,None,
Renowned Events Wedding and Party Planner,088261 80127,https://renownedevents.in/,https://www.google.com/maps/place/Renowned+Events+Wedding+and+Party+Planner/data=!4m7!3m6!1s0x396db7232d6403b5:0xce3614ec2fa47527!8m2!3d26.8315355!4d75.8090876!16s%2Fg%2F11xyfm94vd!19sChIJtQNkLSO3bTkRJ3WkL-wUNs4?authuser=0&hl=en&rclk=1,5.0,2,Event planner,Open 24 hours,,,,Not Called,None,
Happiness decoration jaipur,089490 41052,,https://www.google.com/maps/place/Happiness+decoration+jaipur/data=!4m7!3m6!1s0x396db3ac819f2047:0xbc00933c3693180d!8m2!3d26.9703437!4d75.7709046!16s%2Fg%2F11ry299sc1!19sChIJRyCfgayzbTkRDRiTNjyTALw?authuser=0&hl=en&rclk=1,5.0,26,Event management company,Open,,· Closes 8 pm,,Not Called,None,
DJP Event & Entertainment,070140 90784,https://celebrations-hub-2.preview.emergentagent.com/,https://www.google.com/maps/place/DJP+Event+%26+Entertainment/data=!4m7!3m6!1s0x396db70010722027:0x1466d22c57c04f83!8m2!3d26.8434079!4d75.8146595!16s%2Fg%2F11z38_321k!19sChIJJyByEAC3bTkRg0_AVyzSZhQ?authuser=0&hl=en&rclk=1,5.0,5,Event planner,Open,,· Closes 5 pm,,Not Called,None,
Crafterina_art_house,095882 50336,,https://www.google.com/maps/place/Crafterina_art_house/data=!4m7!3m6!1s0x396dcb032611e075:0xc0b41cfe53408bc3!8m2!3d26.8024838!4d75.8054439!16s%2Fg%2F11t3fp_478!19sChIJdeARJgPLbTkRw4tAU_4ctMA?authuser=0&hl=en&rclk=1,5.0,29,Balloon artist,Open 24 hours,,,,Not Called,None,
Birthday party Decoration,,,https://www.google.com/maps/place/Birthday+party+Decoration/data=!4m7!3m6!1s0x396c4b3cd6ca3a39:0x501ca9f50049aa57!8m2!3d26.8747624!4d75.690526!16s%2Fg%2F11pz8jf3kz!19sChIJOTrK1jxLbDkRV6pJAPWpHFA?authuser=0&hl=en&rclk=1,5.0,13,Event management company,Open 24 hours,,,,Not Called,None,
Decoration Waala,097999 61849,https://decorationwaala.in/,https://www.google.com/maps/place/Decoration+Waala/data=!4m7!3m6!1s0xa736442d47a494f:0xef3a0a42011c429b!8m2!3d26.8852108!4d75.7905578!16s%2Fg%2F11xg5pg0ty!19sChIJT0l61EJkcwoRm0IcAUIKOu8?authuser=0&hl=en&rclk=1,5.0,20,Party planner,Open,,· Closes 8 pm,,Not Called,None,
Balloon Decoration Jaipur,080008 93054,https://www.balloonsdeco.com/,https://www.google.com/maps/place/Balloon+Decoration+Jaipur/data=!4m7!3m6!1s0x396db78eba3b9053:0xa5881e8f6f2dcee2!8m2!3d26.9103707!4d75.843673!16s%2Fg%2F11n04p1lc4!19sChIJU5A7uo63bTkR4s4tb48eiKU?authuser=0&hl=en&rclk=1,5.0,822,Event management company,Open 24 hours,,,,Not Called,None,
Balloon Decoration by kuldeep,,https://sites.google.com/view/balloon-decoration-jaipur,https://www.google.com/maps/place/Balloon+Decoration+by+kuldeep/data=!4m7!3m6!1s0x396db57a21732a99:0x4f5552592d05f87f!8m2!3d26.9152379!4d75.7196463!16s%2Fg%2F11vyzsl90t!19sChIJmSpzIXq1bTkRf_gFLVlSVU8?authuser=0&hl=en&rclk=1,4.9,85,Event management company,Open 24 hours,,,,Not Called,None,
Dev balloon decoration Jaipur,063763 53021,https://dev-balloon-decoration-jaipur.business.site/?utm_source=gmb&utm_medium=referral,https://www.google.com/maps/place/Dev+balloon+decoration+Jaipur/data=!4m7!3m6!1s0x396dcb001e31f95b:0x4f97addb6d3cfdc6!8m2!3d26.8121902!4d75.7718625!16s%2Fg%2F11tsp0bd6y!19sChIJW_kxHgDLbTkRxv08bdutl08?authuser=0&hl=en&rclk=1,5.0,8,Balloon artist,Open 24 hours,,,,Not Called,None,
Vishwakarma Event Studio- Best Pre Wedding and Wedding Photographer In Jaipur,096671 77779,http://www.vksevent.com/,https://www.google.com/maps/place/Vishwakarma+Event+Studio-+Best+Pre+Wedding+and+Wedding+Photographer+In+Jaipur/data=!4m7!3m6!1s0x396dcb3fff792e9b:0x5c482ae6d3ac5456!8m2!3d26.8138399!4d75.7807728!16s%2Fg%2F11ggbnbkvq!19sChIJmy55_z_LbTkRVlSs0-YqSFw?authuser=0&hl=en&rclk=1,4.9,192,Wedding photographer,Open 24 hours,,,,Not Called,None,
Abhi Decors,094166 73915,https://abhidecors.com/,https://www.google.com/maps/place/Abhi+Decors/data=!4m7!3m6!1s0x4e5bd75043864e7d:0xa9a0bb5f5fd081cc!8m2!3d26.8852108!4d75.7905578!16s%2Fg%2F11myl71tcm!19sChIJfU6GQ1DXW04RzIHQX1-7oKk?authuser=0&hl=en&rclk=1,5.0,4,Event planner,Open 24 hours,,,,Not Called,None,
Friends & Events,087696 97072,,https://www.google.com/maps/place/Friends+%26+Events/data=!4m7!3m6!1s0x396db306862e4d33:0x3b2dc26abfba7007!8m2!3d26.9878554!4d75.7579643!16s%2Fg%2F11tdf7bdhd!19sChIJM00uhgazbTkRB3C6v2rCLTs?authuser=0&hl=en&rclk=1,5.0,72,Event management company,Open 24 hours,,Raman Vihar,,Not Called,None,
The Decore Club,074268 11237,https://instagram.com/thedecoreclub?igshid=MzNlNGNkZWQ4Mg==,https://www.google.com/maps/place/The+Decore+Club/data=!4m7!3m6!1s0x396db52de2c5d433:0xd9f61e1f843e0b0b!8m2!3d26.910794!4d75.7692685!16s%2Fg%2F11sbwmsvs2!19sChIJM9TF4i21bTkRCws-hB8e9tk?authuser=0&hl=en&rclk=1,5.0,98,Balloon artist,Open 24 hours,,,,Not Called,None,
Jai Shree Krishna Tent House,099823 99008,https://jsktentsandevents.com/,https://www.google.com/maps/place/Jai+Shree+Krishna+Tent+House/data=!4m7!3m6!1s0x396db3574a4fc3cf:0xbd30cb43ac27a8c0!8m2!3d26.7161476!4d75.8103578!16s%2Fg%2F11gtz6575z!19sChIJz8NPSlezbTkRwKgnrEPLML0?authuser=0&hl=en&rclk=1,5.0,29,Event management company,Open,,· Closes 8 pm,,Not Called,None,
Pradhan Vatika,098290 62042,https://www.instagram.com/pradhan_vatika/,https://www.google.com/maps/place/Pradhan+Vatika/data=!4m7!3m6!1s0x396db59b98798629:0xf38f71b9d06e8238!8m2!3d26.8386974!4d75.7676802!16s%2Fg%2F1td1svsr!19sChIJKYZ5mJu1bTkROIJu0Llxj_M?authuser=0&hl=en&rclk=1,4.2,510,Banquet hall,Open,,· Closes 10 pm,,Not Called,None,
"Balloon Event Decoration,Hotel Room Decoration,Home Decoration A",,,"https://www.google.com/maps/place/Balloon+Event+Decoration,Hotel+Room+Decoration,Home+Decoration+A/data=!4m7!3m6!1s0x396db5c9b7cdfc6d:0xff0d612c56bae4dc!8m2!3d26.8504593!4d75.7627702!16s%2Fg%2F11m5_9ktfv!19sChIJbfzNt8m1bTkR3OS6VixhDf8?authuser=0&hl=en&rclk=1",5.0,1,Event planner,,,,,Not Called,None,
Best Wedding Planner & Corporate Event Planner in Jaipur - Full Moon Events India,,,https://www.google.com/maps/place/Best+Wedding+Planner+%26+Corporate+Event+Planner+in+Jaipur+-+Full+Moon+Events+India/data=!4m7!3m6!1s0x396db7bafdf9a5a9:0x714de6c2262afcf!8m2!3d26.855109!4d75.81231!16s%2Fg%2F11sszcbxyd!19sChIJqaX5_bq3bTkRz69iImzeFAc?authuser=0&hl=en&rclk=1,4.9,14,Event planner,,,,,Not Called,None,
KRISHNAM EVENT & PRODUCTION,070141 69683,,https://www.google.com/maps/place/KRISHNAM+EVENT+%26+PRODUCTION/data=!4m7!3m6!1s0x396db54cc03e1dd1:0xcc4ac6720f24240b!8m2!3d26.8461454!4d75.7525139!16s%2Fg%2F11vbkk87j1!19sChIJ0R0-wEy1bTkRCyQkD3LGSsw?authuser=0&hl=en&rclk=1,5.0,3,Event planner,,,,,Not Called,None,
Sks Events,,,https://www.google.com/maps/place/Sks+Events/data=!4m7!3m6!1s0x396dca1c5ce293d9:0x2b690d5d2498f079!8m2!3d26.8122861!4d75.8027105!16s%2Fg%2F11yh280j2s!19sChIJ2ZPiXBzKbTkRefCYJF0NaSs?authuser=0&hl=en&rclk=1,5.0,1,Event planner,,,,,Not Called,None,
Partypropswala,096606 66656,,https://www.google.com/maps/place/Partypropswala/data=!4m7!3m6!1s0x396db5ed2e7db895:0x9cec9a1575a8e7b!8m2!3d26.8563848!4d75.7657489!16s%2Fg%2F11tr_xvjn1!19sChIJlbh9Lu21bTkRe45aV6HJzgk?authuser=0&hl=en&rclk=1,5.0,6,Party store,,,,,Not Called,None,
